time,kinetic_energy,mean_speed,rms_speed,vx2_mean,vy2_mean,temperature,pressure_ideal,pressure_real,vx0,vy0,vx_0,vy_0,vx_1,vy_1,vx_2,vy_2,vx_3,vy_3,vx_4,vy_4,vx_5,vy_5,vx_6,vy_6,vx_7,vy_7,vx_8,vy_8,vx_9,vy_9,vx_10,vy_10,vx_11,vy_11,vx_12,vy_12,vx_13,vy_13,vx_14,vy_14,vx_15,vy_15,vx_16,vy_16,vx_17,vy_17,vx_18,vy_18,vx_19,vy_19,vx_20,vy_20,vx_21,vy_21,vx_22,vy_22,vx_23,vy_23,vx_24,vy_24,vx_25,vy_25,vx_26,vy_26,vx_27,vy_27,vx_28,vy_28,vx_29,vy_29,vx_30,vy_30,vx_31,vy_31,vx_32,vy_32,vx_33,vy_33,vx_34,vy_34,vx_35,vy_35,vx_36,vy_36,vx_37,vy_37,vx_38,vy_38,vx_39,vy_39,vx_40,vy_40,vx_41,vy_41,vx_42,vy_42,vx_43,vy_43,vx_44,vy_44,vx_45,vy_45,vx_46,vy_46,vx_47,vy_47,vx_48,vy_48,vx_49,vy_49,vx_50,vy_50,vx_51,vy_51,vx_52,vy_52,vx_53,vy_53,vx_54,vy_54,vx_55,vy_55,vx_56,vy_56,vx_57,vy_57,vx_58,vy_58,vx_59,vy_59,vx_60,vy_60,vx_61,vy_61,vx_62,vy_62,vx_63,vy_63,vx_64,vy_64,vx_65,vy_65,vx_66,vy_66,vx_67,vy_67,vx_68,vy_68,vx_69,vy_69,vx_70,vy_70,vx_71,vy_71,vx_72,vy_72,vx_73,vy_73,vx_74,vy_74,vx_75,vy_75,vx_76,vy_76,vx_77,vy_77,vx_78,vy_78,vx_79,vy_79,vx_80,vy_80,vx_81,vy_81,vx_82,vy_82,vx_83,vy_83,vx_84,vy_84,vx_85,vy_85,vx_86,vy_86,vx_87,vy_87,vx_88,vy_88,vx_89,vy_89,vx_90,vy_90,vx_91,vy_91,vx_92,vy_92,vx_93,vy_93,vx_94,vy_94,vx_95,vy_95,vx_96,vy_96,vx_97,vy_97,vx_98,vy_98,vx_99,vy_99
0,1e+06,0.280052,14.1421,131.285,68.7146,100,44.1942,0,1006.46,-65.5515,1006.46,-65.5515,0,0,0,0,0,0,0,0,0,0,0,0,0,0,0,0,0,0,0,0,0,0,0,0,0,0,0,0,0,0,0,0,0,0,0,0,0,0,0,0,0,0,0,0,0,0,0,0,0,0,0,0,0,0,0,0,0,0,0,0,0,0,0,0,0,0,0,0,0,0,0,0,0,0,0,0,0,0,0,0,0,0,0,0,0,0,0,0,0,0,0,0,0,0,0,0,0,0,0,0,0,0,0,0,0,0,0,0,0,0,0,0,0,0,0,0,0,0,0,0,0,0,0,0,0,0,0,0,0,0,0,0,0,0,0,0,0,0,0,0,0,0,0,0,0,0,0,0,0,0,0,0,0,0,0,0,0,0,0,0,0,0,0,0,0,0,0,0,0,0,0,0,0,0,0,0,0,0,0,0,0,0,0,0,0,0,0,0,0,0,0,0,0,0,0,0,0,0
0.1,1e+06,12.1001,14.1421,131.367,68.6331,100,44.1942,25.0153,8.33331,-6.98022,8.33331,-6.98022,30.9644,-5.20629,3.10202,-1.70273,5.21602,-8.22439,15.463,-1.86717,3.74964,0.943838,11.2543,-6.96424,2.76492,-1.86845,-6.51466,-21.8336,18.7797,-7.50716,0.121621,-5.73271,13.5695,-9.12327,8.34863,-12.421,16.5635,-3.31312,18.1581,0.369982,11.1649,-7.10879,15.8631,6.72664,2.50974,3.60552,-0.0182877,-7.91029,10.787,8.52864,22.7939,-13.2466,18.1714,-4.07084,-1.26233,23.3722,7.80484,-0.136199,6.96266,-5.68019,9.29737,-7.86555,0.761125,-3.80359,3.02147,-1.50644,33.007,10.778,1.6538,-5.53272,13.4317,6.77115,8.43002,5.05008,6.37066,-4.26771,-3.23952,-0.00704069,5.61662,4.71904,5.88247,0.702807,9.24012,-8.99354,5.93043,-14.6012,34.3603,3.04298,3.29447,-9.94375,0.538193,-3.6136,-7.80627,-13.8371,3.11381,0.694991,26.4424,-8.35835,2.82843,-1.9457,11.177,-10.0397,13.0308,-2.33766,25.8535,-4.33366,0.0710473,-1.02942,11.4831,-18.9643,-1.77338,-0.598249,3.39773,-6.03951,1.39953,-13.6584,0.981117,-5.05576,8.91865,-6.5944,9.32618,-14.6164,4.88233,9.2912,9.14866,0.802312,15.5845,3.78155,7.48315,-1.28097,13.3447,8.08272,8.17316,-3.20795,13.6272,11.9073,-25.0976,-17.4014,2.3661,-4.26347,11.0012,-4.45667,12.8956,-1.77067,13.5006,1.47095,16.7167,11.4667,31.0795,-14.6619,27.2245,-0.473757,16.5456,-1.19601,24.4036,11.0109,9.27476,-12.6676,15.6274,1.02822,24.6705,-0.840647,3.91162,1.82715,-0.0201654,0.111702,3.73803,-5.84722,6.3041,-6.77443,-13.3996,8.90817,11.4946,-3.63132,4.22126,-12.1131,17.4547,-14.2244,14.4216,22.5025,13.0824,1.63495,2.15681,-7.02544,17.0129,-6.70992,1.98356,4.58638,7.8067,-4.95012,7.62475,-9.37065,6.9925,-18.1213,21.8656,-14.0178,14.1116,-4.2042,17.8392,-5.06207,14.7719,5.25159,7.31761,0.554261,8.82138,2.91036,9.54813,-8.13254,15.8254,-6.05998
0.2,1e+06,11.2607,14.1421,102.164,97.8359,100,44.1942,28.9994,-0.914394,3.2209,-0.914394,3.2209,17.6529,7.86879,6.19133,1.47195,-4.41184,1.08061,35.9488,4.9106,7.25503,-3.07323,10.04,-3.0518,6.811,8.61804,14.3626,6.14217,6.30149,-0.507814,-8.81867,-0.690696,-24.9648,14.2446,11.2406,-2.73685,14.89,21.7978,-5.18301,2.12625,3.34368,5.70449,16.6603,-4.50245,5.37809,2.08014,-2.25865,10.0937,-6.86449,7.74423,25.0993,-21.3012,23.0032,2.24178,10.5717,8.25943,2.43134,-11.3378,-2.66657,-24.9013,0.369116,3.48362,-10.2309,2.79271,11.0269,-4.80931,6.4027,-14.8404,2.06129,-1.11249,7.22952,-12.375,13.0953,-13.0699,2.48558,1.53024,7.12159,1.2081,-1.8912,9.03443,10.3191,-11.3631,-0.968938,0.890861,1.55759,1.27448,2.75953,-4.98467,16.9088,-7.88565,10.2024,-2.59556,4.16296,-7.99143,18.3019,9.56455,5.09132,13.6367,27.3155,3.39232,-5.74579,-3.25826,3.28231,1.45272,1.31908,-0.616402,17.7379,9.53089,0.502381,-2.54915,11.2356,6.76176,3.56875,8.36553,1.37226,1.12219,0.307387,-0.522985,0.732403,-5.01401,-10.6135,4.10552,-2.91758,12.0883,1.78761,3.19312,-0.433511,2.75181,-4.12825,8.8829,1.64854,17.6837,7.12228,-5.63145,5.29679,-15.2786,-1.62939,1.04515,5.37004,9.39985,10.3937,-9.88167,11.0983,-3.48725,3.64247,1.09376,5.78222,6.38932,4.54152,6.73801,10.8604,-3.83228,6.08228,-0.683562,6.89615,-9.90444,3.76206,23.8484,26.8871,-6.9556,-0.00643768,-10.9977,-2.61746,-2.66542,27.0696,-13.689,3.82354,3.71907,4.49251,-23.451,19.5604,4.94949,-0.399872,-8.6219,-0.454444,3.028,23.5689,-13.2709,-6.02877,19.1992,1.38014,14.3147,6.67259,-6.14687,-15.7061,7.97907,-0.819536,5.24725,-4.47256,1.683,12.3046,3.03032,19.2474,-1.01444,-0.168572,4.36928,6.97772,-0.643884,-2.02941,18.3151,-7.26255,17.8821,-0.256415,-7.99459,0.802576,-0.494689,5.2922,-5.89494,14.208,0.764046
0.3,1e+06,10.7689,14.1421,107.233,92.7675,100,44.1942,23.7244,-3.59,1.70146,-3.59,1.70146,1.0763,4.13876,12.6596,45.0772,-3.60844,-0.630851,4.05769,-3.53594,4.43111,9.07733,4.20956,-7.86985,0.121654,1.77085,9.96993,1.09765,6.78759,0.593583,-6.19371,4.00664,12.0209,11.1662,6.28667,-0.536683,-7.02206,14.4964,6.32323,2.41189,14.631,-11.5574,8.987,3.62272,-2.06908,9.06518,7.9375,5.43671,0.307125,-0.691893,6.94537,-15.8353,12.9701,0.364069,-0.66048,-6.83945,-2.58533,-10.7061,-11.7631,14.246,6.62104,10.414,1.16466,-1.52733,4.62542,3.7803,23.3945,4.47911,-2.18766,3.15597,0.200078,4.18748,3.2855,-3.34437,23.4495,6.33348,0.0571696,5.92678,5.60801,10.6046,14.8732,-12.0589,3.83791,-11.4992,2.46089,14.9004,-0.0612046,-16.6559,2.83274,1.12879,3.66479,3.20707,8.37269,-10.1126,5.88396,0.924645,4.76089,2.59646,4.75734,1.20134,12.5944,5.58347,5.28414,-3.46752,6.46353,-6.25161,1.07416,-0.38416,11.5424,14.9334,0.0412363,7.65555,1.103,3.00095,2.95371,-1.60029,14.6395,-1.16974,21.1041,2.41062,-1.25983,-12.697,1.25293,6.81307,10.8478,4.20448,7.93449,-4.48222,10.5697,5.92668,6.67921,7.94887,0.940275,1.58916,8.50153,4.41487,0.851145,-6.19353,7.86068,-0.994598,2.41632,14.8871,8.88411,1.01384,5.92297,-2.91622,1.53874,19.0897,20.2202,-4.31055,12.2524,12.006,9.21808,8.05114,8.67476,-0.129859,9.36874,2.45621,9.15866,6.89181,-4.60939,-7.41217,2.57777,5.71907,-0.352786,0.872386,16.1844,6.13543,6.0023,-2.64205,2.15283,7.26095,10.3915,6.8275,13.8399,5.42551,4.03301,-0.585394,-8.74174,1.65873,28.8615,-17.9012,-3.97579,11.1691,1.13947,-13.0443,1.63884,-1.55378,14.4067,-2.9607,15.1049,-2.02612,-2.41213,10.2728,0.214707,16.7725,14.1343,6.42372,11.831,4.07565,17.1899,8.6785,5.8762,0.0125936,10.854,-0.676751,12.5677,3.55352,-0.743782,-1.48112
0.4,1e+06,8.27814,14.1421,116.508,83.4918,100,44.1942,13.3772,1.77787,2.3052,1.77787,2.3052,-1.19103,-0.985963,2.12362,8.56839,3.10894,1.68496,3.77549,-1.96931,1.5025,-0.790374,9.56272,1.94638,6.66827,-1.98143,18.9471,2.0181,6.97577,2.27821,6.0428,8.76523,7.04802,6.23745,-0.433006,0.528982,4.71193,3.82918,4.83351,2.36556,3.73934,0.691451,-7.87925,-8.5811,19.5165,74.9993,11.6143,2.72954,-1.93432,0.0112525,1.98306,-7.02908,11.2288,-12.1119,1.54177,-4.81072,-0.629792,-1.5666,10.3616,-1.26388,3.65044,1.60619,5.74357,-12.3501,16.4261,10.7976,3.75165,-0.381242,15.7205,-1.05195,1.4296,1.97697,12.4197,15.3164,3.04315,3.52235,1.22581,3.12662,6.54435,-8.05493,-1.20111,0.656175,2.79474,-0.279819,-0.0626673,0.574774,5.43372,-1.6048,5.71609,4.91987,2.59935,1.04252,1.8626,-0.934981,2.64188,5.94385,13.3409,2.84508,4.53469,6.71742,2.18078,-1.08127,10.5522,2.5976,-0.576032,0.615595,15.1746,0.798814,1.98107,-2.65504,14.3746,5.31317,4.72536,8.48463,3.76564,-2.18759,1.3436,-3.95401,3.0769,-2.61042,3.974,1.21729,29.9156,34.9072,-0.273221,0.325092,2.14269,-7.00173,3.39491,0.768484,16.9982,16.9291,5.12369,-1.78091,12.8189,-7.28887,3.30611,-3.38634,8.48366,0.78409,0.860711,-0.93968,9.50987,5.868,11.0964,7.96769,10.643,5.99894,0.820988,4.11517,7.1276,5.4957,15.0215,1.68408,6.75826,0.33679,3.16849,-0.843858,6.32936,-4.33011,15.4852,-2.95026,14.0731,14.0213,1.20928,-3.82788,0.457648,0.707341,9.89418,-2.2714,2.66542,0.265949,0.242352,0.697839,1.84247,-1.34003,4.22657,-7.3347,4.14833,6.70142,3.51703,-9.79427,1.26365,1.32803,3.05434,3.58109,7.326,0.336284,1.55591,2.13076,3.41914,4.61704,14.9966,10.8069,3.5792,2.14642,0.0482931,-3.37022,5.58694,1.16618,6.38434,1.64498,0.288798,-2.10509,5.60776,3.47881,4.84639,-1.77796,11.8364,-7.026
0.5,1e+06,5.67881,14.1421,102.029,97.9711,100,44.1942,6.23375,-0.0269405,-0.502337,-0.0269405,-0.502337,1.55892,0.883033,6.76868,5.84044,2.38154,-0.322657,-2.28784,1.60744,-0.976442,3.25044,0.54211,2.96503,-1.02288,4.12765,5.90143,2.65813,-2.07756,1.87296,3.47562,6.97966,-1.61513,2.98998,1.56375,1.49188,-2.24066,0.662779,-0.195162,8.70583,-0.8985,1.64044,-0.266862,4.26872,7.93307,15.9843,3.26579,7.30575,-1.10559,3.18864,-1.85146,0.339677,-0.241616,5.86064,-2.26706,-0.793373,0.92422,2.41971,2.02098,3.80073,-0.0670769,0.00250915,-0.232551,4.48651,-0.345287,5.97048,-0.336152,0.545719,0.971322,4.21918,0.0954911,3.6204,0.00124847,3.8927,0.0070589,0.246234,1.53583,1.12116,-0.45918,1.9249,0.82047,1.5477,5.87938,4.11705,1.492,3.10982,4.86345,-2.24191,-3.38386,0.0591047,2.09025,0.579463,-0.0981271,3.6686,1.83736,2.70533,3.66011,3.46499,-1.13421,5.70265,4.11617,1.52417,2.24053,4.66805,1.02421,2.59918,-2.65628,-0.129245,0.954243,0.979338,-3.87733,7.85678,-1.44959,2.15274,1.30989,0.795742,0.178301,3.1869,1.19467,3.11717,-0.825213,-0.517336,10.6208,7.0502,1.26914,1.87188,-1.69913,2.21524,1.11143,2.83425,9.91876,5.53047,0.684027,-0.340196,-0.686923,2.78493,0.759395,3.25886,0.307313,4.2406,-0.429044,2.70305,3.77117,32.4359,-1.03577,3.06645,3.79243,4.0948,-3.56656,0.948305,-0.467321,1.11686,4.8664,4.13438,-1.11948,5.70727,-0.67623,2.63266,3.91876,-0.768133,24.0641,9.93529,40.1574,25.2161,-1.72584,1.18662,0.431648,1.99042,-0.532732,2.74954,1.20062,6.65466,3.81637,4.95005,-1.12901,0.956066,-1.51107,0.58033,-1.9294,0.383488,2.05518,2.21118,-1.40475,0.783506,1.25812,-2.84666,2.13839,1.27213,-3.60644,0.801759,0.37673,4.14741,7.93634,-0.559417,0.242537,3.3089,1.96552,1.94225,0.508955,1.42752,2.28683,2.38254,1.63949,-0.393626,1.15387,4.93216,-2.59097,1.81536,-2.41768,0.647267
0.6,1e+06,4.39286,14.1421,104.379,95.621,100,44.1942,5.78506,1.95436,0.158832,1.95436,0.158832,-0.973472,0.173263,5.50024,20.4648,3.98049,-2.01112,-1.94479,0.0839461,0.94787,2.15634,0.995405,-4.20574,-1.47799,-1.75738,-0.106458,0.0407145,0.0306332,0.0418645,1.23542,-2.19406,0.555743,-0.351231,-0.326225,1.22305,-1.79221,0.740416,-1.81713,0.322404,1.14542,0.0219917,-0.536382,-2.41877,29.8063,30.906,2.72183,-4.23981,0.505006,-0.436356,-2.01153,0.104862,3.27797,-0.14598,-1.61569,1.73233,0.578663,-1.09879,3.06134,-3.16397,2.52492,0.470601,-0.884828,-4.646,-1.23246,-5.24226,0.194141,0.860766,-0.422313,-0.711787,1.15216,0.771751,1.17049,-2.68499,1.52032,-2.82373,0.37718,0.551449,1.47036,1.38685,-0.791269,-0.324498,0.42371,-0.777837,1.47041,-1.44359,-0.784238,-2.66386,-2.74428,-0.255647,2.12613,0.225711,1.09556,-0.401289,1.30139,0.278306,4.10191,-0.0139883,0.155656,-1.1285,1.07211,-2.83018,0.331782,2.96307,2.30752,0.431606,-1.28134,0.419964,0.994801,-0.0984378,-0.205851,-4.80277,0.494844,1.56967,0.912535,-3.62858,1.91001,0.514084,1.5652,-1.78722,-0.805156,1.26178,10.1014,1.49466,0.191538,-0.69476,-0.907519,-0.0728182,0.864188,1.33354,2.80871,3.2831,3.30021,-2.08996,1.54453,-2.4528,-3.04787,1.198,3.67164,-1.10185,1.02634,0.823255,11.9359,7.27652,-0.0232388,-0.43223,9.49516,6.66404,-1.37408,0.680485,-1.92693,2.80683,2.1359,0.180321,0.00551393,2.71824,0.330459,-1.32755,0.228044,1.71089,19.6533,7.72073,104.314,139.687,-1.16589,-0.0998704,-0.518553,-0.610349,-2.49272,0.874259,0.6063,-0.5373,0.582615,0.633938,2.14881,-3.47503,-1.58988,-0.829418,-1.29816,0.0947195,1.76495,-0.296761,1.22345,-1.51364,-0.269345,1.61751,0.789774,1.17207,-0.341506,-3.00123,-0.924326,-0.0231888,3.03787,-3.07377,1.91862,-0.437973,-0.431786,-0.38519,5.50683,1.70491,1.28367,2.58905,1.15093,-1.49106,-2.20297,2.0391,0.81361,1.8538,-1.70356,0.727475
0.7,1e+06,5.4899,14.1421,107.762,92.2376,100,44.1942,9.21496,2.01013,-0.326165,2.01013,-0.326165,-2.70173,3.38558,3.43049,83.0107,-3.05825,-1.97358,0.981415,4.29434,0.770004,-7.21252,0.266345,-0.286734,2.93695,4.10202,46.4499,25.7051,-4.31834,-1.2907,2.75701,0.896497,-5.89139,7.70565,0.145845,-0.974921,-8.57803,0.5328,-3.02034,-2.80277,2.52064,0.0318697,-1.72169,1.89335,6.64335,12.5107,-0.797118,-5.69496,3.57501,-0.155594,-1.16248,4.79586,2.1621,-6.54612,-0.72401,0.933812,-3.49877,4.76255,3.47393,4.63028,1.01896,-1.41237,0.413546,-6.088,0.349161,-1.61606,0.0712483,1.18596,-0.562618,0.750348,-1.01744,-2.12133,-0.660577,-0.65429,2.73687,1.43134,4.01595,-1.58125,-1.72842,0.384981,-2.1873,-7.76962,1.0876,-1.55213,-2.67829,1.07643,-5.32623,-1.64594,-4.32392,-0.893397,1.42221,0.366696,0.854819,1.39287,0.803797,-0.417918,-1.1591,-0.232714,-3.28446,-2.72807,1.61403,2.71707,-2.41071,0.527222,0.702826,4.21349,-2.08198,-1.18114,-0.619863,-6.04845,-1.25495,-1.28196,-2.55293,-3.88476,1.95088,0.361742,0.21314,-0.846962,2.46587,0.482528,3.17013,3.14456,11.8445,10.6235,2.58102,-0.447801,2.12979,-1.75167,2.26716,1.74559,1.46126,0.318472,3.69391,0.821943,-3.23882,2.11531,0.908953,1.01289,1.42099,-0.267319,2.31846,1.29156,31.3951,21.7012,-1.24539,-0.569667,-0.403764,0.0739113,-5.87475,2.6153,1.46082,1.72488,14.3686,5.7637,-2.97681,1.61621,-3.51027,-0.557948,-2.82729,-4.2654,124.548,80.3626,37.6771,31.6253,1.04291,-2.87455,1.91849,2.32571,0.00470748,-4.15419,-2.23036,1.85088,-0.776678,-2.50529,1.1094,-2.92088,-3.08748,-3.80568,7.20722,0.282269,0.877056,-2.09403,3.17318,-1.15918,1.26811,-5.67789,0.135373,0.420906,-0.917134,0.0151822,3.40829,1.96116,1.74466,0.742628,0.25554,-1.46232,1.91014,0.482337,1.11147,-1.83871,2.11425,-0.459539,0.671504,1.14715,1.82702,1.5761,-1.11882,5.12573,-2.59363,1.51199
0.8,1e+06,5.91559,14.1421,106.368,93.6319,100,44.1942,11.1364,2.58945,1.68363,2.58945,1.68363,-1.79624,-0.330932,-7.30852,49.4043,0.274613,-0.688656,-1.3468,-2.37037,5.56269,-2.27975,3.00508,1.21185,0.141161,3.54359,2.67753,-3.07398,8.43819,1.86182,-2.11253,-0.343856,2.29167,1.04527,-1.516,-7.38745,2.40044,-3.38773,1.56828,1.29701,0.176813,0.0720005,-2.49224,3.5189,54.4414,72.072,3.70482,1.5461,0.0494131,1.3475,1.78246,-4.93426,-3.14255,4.88745,-2.04098,-5.63756,-0.172687,4.2985,1.18681,-2.38816,4.08708,-3.53282,2.46892,-3.44992,0.596453,-2.34697,1.13894,2.33271,2.76813,0.856849,2.54765,-3.54466,5.42039,2.32349,6.19861,1.2435,4.13939,3.24432,3.4641,0.55322,6.01928,-10.2534,-5.45126,-1.40309,0.500733,1.58135,-2.46996,0.375685,-3.01003,-0.124292,1.57807,-1.79677,2.71005,-2.73526,-0.35177,2.52259,2.90374,-1.68629,-1.30412,3.22887,-0.0372266,-6.67126,3.78187,-0.963614,7.18104,-0.8111,-0.339297,-0.63977,-0.487326,1.57548,0.189204,-1.66604,-0.880779,1.52769,5.14388,1.23566,3.27323,-1.55855,-7.5407,-5.18644,6.8335,0.837246,17.3839,29.8354,1.40764,0.620424,-6.78092,-3.36077,3.67455,-2.57835,5.50656,0.875236,8.06822,-2.45685,1.45575,1.55959,3.03524,-0.918347,0.509705,-0.699416,-0.757451,6.90484,14.0414,6.83393,0.0261371,-5.87893,4.86897,1.48407,1.2623,5.72672,2.31659,-1.95492,19.491,10.468,1.13628,-3.11676,-1.12653,2.88554,3.3979,-1.58618,114.196,-33.0841,4.7197,0.687235,-3.44993,1.70318,4.87263,4.21899,1.81185,4.87177,-2.947,-2.27151,1.63909,2.85102,3.79315,2.151,-1.49877,1.63193,-1.20806,-1.00675,7.14221,-0.0530462,1.71759,-1.70611,4.65078,-0.60206,-0.84566,0.410111,1.22196,-0.192689,3.22427,-2.38737,2.12952,-0.771795,4.7821,1.87302,2.60574,1.50071,4.35652,-7.87367,2.11567,-1.07451,-0.54479,8.7604,3.99283,-2.10687,4.26671,-1.91265,-3.81873,3.20693
0.9,1e+06,5.03418,14.1421,105.231,94.7689,100,44.1942,5.66547,2.19928,1.44477,2.19928,1.44477,-0.109759,0.52036,-0.784331,5.86367,0.852238,-1.15974,6.26591,-1.1367,-1.87137,-0.284147,2.54054,1.69701,0.0664191,-0.101488,2.27454,1.22707,3.74594,0.652367,-2.88722,-3.01351,-1.74526,3.74118,0.781166,1.18009,-0.769664,-1.81277,2.43787,1.26291,0.388598,2.05197,2.14786,0.665379,-1.66991,4.03344,4.53473,2.40212,-1.68801,0.965486,1.54273,1.01092,1.55491,2.93349,0.494812,-0.593221,-2.73744,0.462189,2.80797,5.56882,0.830129,1.5102,13.9503,18.9635,0.482438,1.47637,-1.12818,0.764088,3.11724,5.28022,3.88956,4.58565,0.584481,-1.59121,0.577403,2.219,0.341802,0.680323,1.92242,-0.0632911,1.04015,-0.359407,0.218653,1.97716,0.254152,1.90135,-1.13207,-0.842071,0.725079,-0.22062,1.5409,1.34839,1.96685,0.242236,1.73939,4.07654,2.57579,0.952592,0.280384,3.01533,0.745551,-2.2368,4.97529,0.749388,1.45762,-0.560851,-1.71115,2.65375,1.26585,-0.505937,3.04291,-0.504714,-0.186027,0.36701,0.724177,-0.495404,0.532938,1.29091,-3.45644,1.86859,0.581422,2.94506,1.49437,3.11967,0.548772,2.55315,7.0419,-2.40964,5.03561,-0.100257,18.8872,7.59331,2.31681,2.34067,0.978807,0.72185,1.19536,-0.0250639,4.0397,5.92584,0.818629,-0.463515,1.22723,2.90406,-3.18964,2.77885,4.90561,1.03834,-0.605051,0.515538,0.727503,-0.0107018,17.9817,2.59968,1.06453,-0.460868,-0.0163481,2.04425,1.7323,-0.272649,2.99507,1.25225,9.19156,0.817589,2.24775,-1.45684,1.01452,0.191596,2.18021,-0.185818,2.21391,-2.25747,3.33359,-0.259572,1.13182,0.328863,-0.265433,0.731851,2.29222,3.07784,2.89044,1.35975,0.461121,2.10798,2.28089,0.636048,1.36551,1.55056,0.845889,0.654667,2.32112,2.15251,4.70412,2.1767,1.80552,0.452711,-0.20892,0.500785,1.9442,1.66851,4.24375,1.73665,-0.475585,1.11962,3.43273,-0.244788,2.2226,-1.05055,-4.79863,1.58227
1,1e+06,3.99981,14.1421,103.444,96.5563,100,44.1942,3.78165,0.532103,-1.07747,0.532103,-1.07747,-0.345814,2.49562,0.896427,35.2455,0.615928,0.641285,-0.77342,0.278744,-1.06257,-1.8424,1.849,1.28224,-0.506547,-0.471005,2.67108,0.783352,1.68698,0.0673,6.68352,27.4074,-0.774266,0.0195774,-0.461719,-0.348564,-0.893914,-0.0797087,1.21801,-1.1978,0.41396,0.456454,-0.969793,0.808736,2.39716,3.15782,2.54515,2.32779,0.0994121,-1.62414,-1.42847,-0.0250623,0.434572,0.223287,-1.30515,0.757538,1.28899,-0.357319,1.12513,-0.375786,0.363088,0.245293,-0.256382,-1.90672,-1.31723,-0.637808,-0.600291,-0.602374,0.0258806,1.37161,-0.207439,0.0083779,0.00401692,-2.23417,-0.468648,0.877645,-1.46289,-2.14082,-0.385391,0.379504,0.497811,-0.162193,1.07241,1.01183,1.56496,-0.270513,-0.115536,-0.279961,-0.937501,0.610326,1.0443,-0.663815,0.186299,0.879828,-0.359292,0.840579,-0.536718,-2.09899,0.153424,-1.8041,2.5455,-1.54676,1.85955,0.266108,0.766813,1.06946,0.25155,0.944128,0.349651,-0.0303713,0.17896,-2.13079,-0.825081,0.386041,1.72816,0.092458,0.536578,0.458562,0.852705,-1.47523,0.246678,-1.4412,11.7712,68.8101,2.42581,-1.99224,-1.49679,-0.893387,0.864302,0.27515,131.403,29.2012,0.815312,1.10162,-0.899971,-0.114604,0.362702,1.32839,1.42187,0.82697,0.309569,-0.289957,0.963117,-1.73296,-0.791237,-0.465325,3.12609,-0.143892,-0.573972,1.34811,-0.533917,1.62899,2.52062,-0.21133,0.731887,-1.11468,-0.394809,0.370944,0.326883,-1.08319,12.438,-5.20887,12.1284,12.1744,-0.895876,0.78091,-0.457081,0.934423,-1.00807,0.469329,-0.800007,-1.31558,1.85225,-0.853794,0.954556,1.0707,-0.732651,0.437135,-1.48927,-0.268914,0.670147,0.011093,-0.219526,-0.43211,-0.317626,-0.283303,0.390929,0.326673,1.88819,-0.381738,1.13553,0.018256,3.76137,-2.1336,1.06472,1.81675,1.40388,0.0658199,0.0173326,-1.10947,1.50378,-0.464045,-0.0593871,0.284737,-0.497678,0.154772,2.85221,-0.707672,-0.663403,0.566261
1.1,1e+06,4.83908,14.1421,104.697,95.3031,100,44.1942,7.25499,-4.59616,-2.29083,-4.59616,-2.29083,-0.152365,0.498356,9.73449,23.9354,-2.40126,-0.913204,0.160703,-0.931812,1.84862,-2.81699,-0.273098,-0.881901,-0.961991,-1.87212,3.80268,1.18684,2.52528,-3.53947,4.94155,-11.0342,-2.12138,1.65385,1.85159,-0.543584,0.601646,3.02354,2.76876,0.696812,1.02798,-0.336921,0.36242,-0.261461,4.34801,-3.43436,14.1827,-1.41524,0.127078,-1.64421,-4.49719,-3.27189,-1.3162,-2.53595,-5.11262,2.53639,1.66043,1.26962,0.710266,2.04004,2.54736,0.595624,1.96393,-2.5254,-1.09166,-0.384001,-3.97411,-2.74409,-1.47811,-1.6226,-1.34501,0.00189947,-0.108607,0.050587,0.526575,0.243874,-0.689707,-1.8774,-0.972459,1.97993,0.840515,1.25148,-4.82428,-5.56942,-0.467044,0.0597608,-3.18572,-1.15291,0.0430272,-2.91016,0.460251,-1.13,0.171133,1.40333,-0.182447,0.837254,0.000477961,-0.496914,-1.98274,-2.36009,1.04024,1.90289,5.52294,21.9529,-0.797883,-1.03757,-2.44436,1.61044,0.921493,2.20784,-4.17152,-2.9309,-1.4148,-1.05492,1.62819,0.45977,0.151433,-0.398754,-3.14055,0.915928,0.410733,1.12217,0.141947,-2.13301,1.47405,-1.03086,-0.438328,0.183486,1.40125,0.674378,53.462,11.2066,1.22393,4.47258,2.24539,2.31667,-0.46471,-2.12075,0.54116,-1.24236,0.464872,-0.722639,5.94556,2.23209,1.2391,-2.66667,-0.047702,-1.06713,-0.628347,1.67173,-0.886742,1.53346,44.6987,4.61661,-0.832256,-0.0427331,-2.21905,-1.51865,-1.58328,-0.592966,15.9351,18.1779,21.2305,1.91811,-1.53676,2.93405,-0.636377,-0.537812,-0.947621,-0.492837,1.83116,-4.5325,3.36899,0.0210313,2.1047,-1.54906,-4.60935,-3.67583,-2.45165,1.95749,-2.56981,-0.13696,-0.227888,-1.43403,-1.59434,1.85663,-4.04183,-1.39371,0.724455,-0.173371,0.583884,-0.934993,13.0981,13.3733,0.758739,-0.146616,0.324549,-1.92342,0.868067,0.683627,0.494686,-0.925298,4.00202,2.8649,1.80215,-0.314782,-1.42124,2.81012,-1.02031,2.00964
1.2,1e+06,5.11049,14.1421,104.721,95.2791,100,44.1942,7.93394,-3.43911,2.30847,-3.43911,2.30847,-2.33121,0.837616,3.66237,1.91819,4.81685,1.71613,1.51329,1.67299,-0.115129,-1.10294,4.16038,2.31976,-0.154078,0.110542,2.68363,0.421818,2.61553,0.323959,38.6393,105.936,2.58255,1.04607,-1.43516,0.786919,0.738456,3.62702,27.0194,64.095,3.18831,1.47194,-3.59788,0.937179,1.26165,-0.754563,72.481,57.3295,1.8835,0.766721,-1.76921,0.64236,0.775133,-2.10868,-0.84883,1.86688,-0.404288,1.35255,3.01089,-1.358,-0.188845,0.237355,5.15883,0.977313,-0.309385,-0.861077,-3.31899,-0.35448,0.420094,-2.54626,3.19975,2.6704,-0.802461,-0.752327,0.79673,-0.824071,0.881738,-1.91017,1.43471,-2.51311,3.11727,0.30626,6.65425,-2.01877,2.97587,0.252302,1.19839,1.80729,1.13468,-0.392049,-4.0709,2.38622,1.63467,2.05022,2.66317,1.026,33.7362,9.67046,-0.456346,-1.56719,2.9845,-0.525274,51.2077,36.3883,1.30176,0.322144,-2.17805,2.68175,1.28321,-1.73358,1.30583,-0.834446,0.893706,-0.796267,0.245468,3.95997,1.91881,-0.826631,0.127922,-0.706656,1.95725,2.16533,1.79579,-1.59733,-4.03785,2.08109,-1.4439,-2.75314,1.00858,1.94258,1.96525,0.146803,2.63097,0.428659,0.88277,0.927009,-0.330793,-0.514439,1.54062,0.121578,-2.8165,0.559111,17.2684,46.5222,0.0412055,0.624803,1.34095,1.30326,-1.49613,7.08096,0.340766,-2.60407,64.2056,20.3076,1.55063,0.138188,0.169314,2.05217,1.62131,-0.518649,14.345,6.40212,5.18517,5.98272,1.64151,-1.26455,-4.08577,-0.0469348,1.97393,0.257959,-4.36233,66.5826,0.913687,1.9605,4.84815,-1.34492,-0.340123,3.28015,-2.26826,-4.7776,2.74616,3.06014,2.58696,-0.542878,0.666752,1.11222,2.01838,3.44095,3.48266,1.24655,1.60197,0.319722,57.0181,32.049,3.03932,0.401661,-0.180933,1.27734,2.7223,-0.799049,2.31844,0.01689,3.12072,1.10975,2.17962,1.66777,1.92879,1.56292,-0.53029,1.4107
1.3,1e+06,4.35335,14.1421,106.269,93.7313,100,44.1942,4.46021,0.38214,-0.0913266,0.38214,-0.0913266,1.42583,0.324155,16.155,7.75011,-0.334744,-0.979187,2.89559,0.808747,0.501833,2.29972,0.941373,2.74565,0.902148,0.0369514,0.995625,0.933879,2.16934,0.580591,1.65235,0.396816,0.748563,0.905573,-0.296223,0.950146,0.936774,-0.0691397,32.0689,72.1057,0.856837,0.214511,-0.608876,-0.438919,5.84682,3.5947,32.8306,20.8211,-1.95592,0.951014,-0.186998,1.23605,0.420786,2.69147,-0.199255,1.8772,0.111136,0.342451,0.52765,0.86699,0.972653,-0.111227,44.8716,79.1144,2.43813,-0.153547,-0.557654,0.465705,1.89746,-0.375983,-0.808159,1.3532,1.23433,-1.57914,-0.839071,0.654314,1.07654,-0.560823,-1.2349,-0.962505,0.87319,0.144857,0.669981,0.678447,0.594606,0.772677,0.468007,-0.60917,-4.06445,-0.0887402,0.768601,-0.511381,0.520443,0.752939,1.03964,2.28564,2.11623,0.523117,1.54859,0.0909211,0.94142,-0.484251,6.18465,3.04941,2.18547,1.04662,0.285285,-0.0966688,-0.250869,1.72103,0.405896,-0.164492,-1.86506,1.3948,1.0252,0.68112,-0.125298,0.92093,0.919171,0.761266,-0.917289,0.896291,27.7888,45.2925,0.304287,-0.144565,-2.66897,0.982453,1.77325,2.6709,2.31634,0.0813861,1.49378,-0.200796,-0.731378,0.331504,0.136526,0.572455,2.1252,1.17433,0.586323,0.702469,4.46597,5.94377,-0.383355,-0.665459,2.89566,0.879253,0.111443,0.536219,0.475286,0.366139,1.0487,0.917886,0.439324,0.940497,0.56172,0.417304,0.718838,0.515322,1.63767,0.779797,46,56.5332,-1.03993,0.650074,1.17086,0.697155,-1.25921,0.778134,-1.62674,23.113,0.982411,0.745875,0.839136,-0.00703979,-1.24859,2.1835,-0.660683,-0.721966,0.160304,1.81559,-1.3882,-0.00649827,0.44843,-1.31339,0.8745,2.30461,-0.220087,0.899371,1.32892,1.22623,-3.67262,0.216775,1.64741,0.284822,0.576587,-0.39751,0.427543,1.11919,2.76952,1.84979,0.704528,0.000549324,1.36328,0.309006,1.94865,1.54672,-3.18734,0.369016
1.4,1e+06,4.33547,14.1421,106.078,93.9225,100,44.1942,4.66421,3.98555,-0.815408,3.98555,-0.815408,1.64335,1.88458,2.15133,0.623415,-0.835428,-0.281553,-2.76947,0.611873,-1.23822,-0.175541,1.39394,-0.00960372,1.06793,0.255553,1.09083,-0.00734715,0.506387,-0.0522583,13.6358,28.8507,1.03549,0.434871,-0.78135,0.716808,-3.22453,0.868141,4.94128,38.9821,-1.03774,0.121417,-1.39882,-1.32245,23.9143,54.8363,1.99801,2.62679,0.0267543,-0.354221,-1.3507,0.882572,0.0464811,-0.117637,-0.74208,-1.2162,-0.453981,0.443269,-0.344987,0.217609,0.782318,-1.18046,-6.25419,13.3135,0.902046,-0.974648,-0.798398,1.79087,0.388888,0.431528,-1.90457,0.594085,-0.828667,-1.61052,-0.76839,1.47192,-0.507978,0.608955,-2.51653,-1.37823,0.465082,-0.226911,-0.667267,0.468664,-2.24183,1.37822,-1.86326,-1.83778,-1.73009,1.33888,-1.07585,-1.93284,-0.197481,0.627044,0.223962,-1.6089,0.806243,-0.979756,0.10227,-0.571177,0.947071,-1.00722,0.896204,-0.697386,-0.214186,-0.0699195,-2.44463,0.859708,-0.241769,0.054981,0.844877,-1.6037,-0.217584,1.52327,1.40817,-0.940372,0.00334069,0.136459,-1.69594,0.585993,-1.15486,0.214086,5.2551,5.34622,2.52302,-9.32132e-05,-1.26678,-0.90339,0.166415,-1.99955,7.83317,2.70789,-1.2534,-0.718091,-2.54151,-0.392634,0.731861,-1.03234,1.90853,0.556346,0.215232,0.496835,15.953,79.9112,-0.0572326,-0.988756,1.34797,-0.000113478,-0.586251,0.821335,-0.624678,0.43087,1.06734,1.5491,-0.728666,1.11875,-2.17159,-1.58428,1.18415,-1.38986,111.202,44.7666,51.3248,15.5381,-1.39231,2.51155,0.739868,0.311501,0.063476,1.44685,-1.2652,-2.53792,-1.17835,0.917794,1.01429,-0.403617,-1.94815,1.11809,-3.29976,2.81703,0.548997,-1.36899,0.0991639,0.511594,0.126299,0.420916,-0.12865,0.162606,1.35267,1.70613,0.560475,0.343823,86.9852,55.1986,-1.59921,0.58625,1.16774,-0.590903,0.149837,0.144697,1.36261,-0.18417,0.387211,-0.16428,0.121051,0.0952344,2.0248,-0.438692,-1.16295,0.79203
1.5,1e+06,4.77586,14.1421,107.079,92.9214,100,44.1942,6.9211,1.25691,-0.414615,1.25691,-0.414615,1.74244,-1.74872,3.10676,-1.46673,-0.117694,0.0721393,-5.97452,3.3141,-2.18632,1.16658,-1.7912,-0.59193,1.33523,-2.30771,0.611872,1.23357,0.75838,0.656641,-2.35321,-0.853527,-1.33187,2.41089,-0.794753,0.974615,-4.48085,-3.73786,22.9435,60.1761,1.77932,1.10825,0.209861,-2.32066,1.86285,1.43232,2.7061,-0.726219,-0.183192,-0.563495,-3.67817,1.46432,-1.92259,-1.49707,-4.26992,3.94626,3.26476,-1.59083,-1.65103,-0.63569,1.01689,1.19607,3.12825,-4.30343,0.772767,-0.560967,-1.03022,3.05008,1.44638,-1.31472,3.76919,-1.68491,1.42359,-2.54473,-0.162571,4.1031,-0.546372,-0.43489,0.0502632,0.262631,-1.07044,0.644695,-0.132504,0.399648,1.62947,-1.91518,1.81195,-0.0193956,-0.346218,-0.478209,0.505554,-1.02958,4.51774,-0.560435,-0.197464,1.30149,1.93458,0.044798,1.44519,0.0336342,2.41434,-0.506936,16.0458,2.88563,1.25328,0.529141,0.0538302,2.14171,-1.5671,1.29682,1.13713,-0.611143,0.877926,-2.33285,2.9215,-0.998302,2.01224,0.777641,4.97188,-0.367955,0.956203,2.8662,0.651694,-1.31852,2.25656,-1.19351,-0.529546,-0.44467,0.486835,2.36411,108.399,35.4041,2.23163,0.504873,-0.641897,-0.936652,0.955075,0.607016,2.76285,-0.0172476,0.295947,0.417528,10.3817,12.9154,1.67507,2.94467,-0.54471,-0.916975,-3.4246,-0.730643,0.275315,0.963501,17.6064,14.4846,-0.751625,-0.422323,-2.02339,0.321175,0.258402,1.16766,52.5193,11.2018,12.4492,5.59229,-1.62116,0.163708,-0.38722,2.55645,0.310714,-1.26152,0.013256,-1.76416,3.38618,-0.331145,0.60649,0.259328,-2.21712,1.46739,-4.84611,3.80434,-0.720816,-2.16006,-4.58379,0.601165,-0.832098,-1.91513,1.51604,0.13861,-3.31821,2.39924,2.07867,0.635785,0.301283,-2.40458,1.78942,-1.3619,0.239674,-0.479471,0.48142,-0.467642,1.81941,1.24044,2.77544,-0.699307,0.918501,1.38782,2.89838,0.324787,-1.10478,3.69843
1.6,1e+06,4.42314,14.1421,104.695,95.3049,100,44.1942,3.97848,1.3323,-1.34869,1.3323,-1.34869,1.21909,0.444742,6.72652,2.82991,1.13542,0.508803,-2.10246,-1.27372,-0.0863306,1.59731,1.93596,2.95949,0.30515,-0.47411,1.5763,0.241343,0.699786,0.625604,0.692667,-1.01878,0.54434,0.185205,1.05684,-0.199947,0.0509807,-0.61952,2.59915,0.799488,0.61824,-0.832343,-0.55179,0.0762241,3.64219,2.01819,4.25686,0.785362,-0.0368817,-0.263148,0.0564324,0.641657,1.86751,0.847969,0.744649,-0.672484,0.793471,0.964996,0.935447,1.23986,0.272299,-0.247363,3.36106,-2.27885,1.6762,0.0539937,-0.903122,1.2632,1.49453,1.46127,0.993466,0.810721,-0.646304,1.27738,1.29161,0.0891909,0.597097,-0.449672,-0.323124,1.54013,-0.691928,0.561138,0.74951,0.111153,-0.044592,0.660505,0.450431,1.06535,-2.87671,1.70069,0.37132,0.746728,1.38813,-0.207119,0.467778,0.488931,1.59122,0.32444,1.42932,-0.217653,0.145268,-0.827061,13.6629,15.2167,2.48057,0.416255,0.119871,0.825953,0.0238898,-0.0907516,1.29054,-2.19098,0.0164441,-0.496477,0.35294,-0.148301,1.92518,0.931655,-0.433755,-0.0150212,-0.434436,1.53146,-1.01349,0.196638,-0.0391394,0.155525,-0.584397,0.276991,0.841672,1.72637,2.68875,0.601877,0.316224,-0.582384,0.33529,-0.320609,0.279014,-0.29831,2.83118,3.74798,0.060599,1.16806,22.0393,62.7771,-0.11482,0.392634,2.37593,1.48872,-1.29575,-0.574413,0.995552,-0.315707,2.44434,5.58484,0.0743184,-1.05604,1.37153,1.03777,1.12112,0.750879,2.95605,1.29052,73.3717,56.7543,-0.760677,-0.835469,-0.126961,0.750893,-0.953961,0.425319,-19.2096,-0.217874,1.25078,1.09735,0.372615,0.431831,-1.63802,1.83784,-0.0378542,0.503001,0.218286,0.0311351,0.180927,0.47982,0.875603,0.142687,2.03798,0.0245628,-0.611048,0.504908,1.4786,1.27492,1.7404,1.78701,1.16864,1.7497,0.793409,-0.25234,-0.924527,0.887544,1.14128,1.18714,1.17225,-1.44501,1.50244,0.142228,1.57873,2.51232,0.360927,1.32911
1.7,1e+06,4.29169,14.1421,107.39,92.6099,100,44.1942,3.80566,0.157405,-1.15933,0.157405,-1.15933,-0.83959,0.943557,0.713318,-1.10578,0.688003,-0.257761,-0.823351,0.121338,0.861163,-0.518401,1.25914,0.253694,1.1494,-0.799674,-3.68363,0.183125,-1.9933,-0.806704,0.641443,-0.844894,-1.74282,-0.563679,0.528483,-1.17531,-1.07416,0.139151,-20.0201,21.3191,0.341277,-0.630964,-0.589838,-0.221636,1.61068,-1.12571,2.34039,-0.0602201,-0.279322,0.910468,0.337087,0.0307082,-0.986219,1.51325,-1.63416,0.698285,2.01315,0.123612,-0.340119,0.427397,1.29211,-1.32859,2.095,0.142552,1.7403,-0.203025,0.0154226,1.20552,1.31112,0.493231,0.0192854,-0.403622,1.35554,-0.759404,-0.608805,0.21956,1.60822,-0.0932122,-0.735821,-0.572033,-0.372015,-0.0826182,-0.174692,0.574269,0.867298,-0.00331206,-0.632524,0.666992,-1.44839,1.8421,-0.66077,-0.305306,0.920579,0.342792,-0.0328163,-0.363779,16.1561,2.91315,1.65754,-1.14103,-0.0919015,-0.429134,17.9539,19.9012,1.74304,-1.61388,-0.431882,1.0184,0.215732,-0.686875,0.327354,-1.68329,-1.40087,-0.163792,1.42904,1.81485,2.12857,-0.29535,0.48586,1.36178,-0.944603,0.435251,1.23228,0.744014,-0.563807,-0.860771,-2.34667,-0.78437,0.932235,0.856296,6.21027,1.18716,1.64125,-0.136837,-0.407012,2.0024,0.271897,0.636004,4.6302,-2.15135,1.69681,-0.0728663,1.848,-0.0245337,-0.984543,0.439915,1.55102,1.12492,-1.65802,1.18271,-1.24256,0.173161,64.0928,11.8965,0.305125,-1.41274,-0.348689,-0.585598,0.00268384,-0.745708,1.00736,-1.13682,4.75831,0.145254,-0.5003,1.04185,-0.376571,-0.0980088,-1.03273,-1.2296,-9.80108,-1.76465,-0.466857,-0.111757,1.09523,0.100366,-0.491421,-0.0299292,-1.29631,1.18873,-1.4421,0.243162,0.648219,0.44957,-1.58563,0.986343,0.627408,-0.00218654,1.51549,-0.509375,0.627519,0.804413,1.34352,0.0923688,1.67749,-0.0555209,0.740793,-0.425456,-0.121377,-1.87632,12.926,6.74854,-1.18797,2.38746,0.648147,-0.0578833,0.248127,-0.191861,-0.975645,0.532797
1.8,1e+06,4.49085,14.1421,106.392,93.6081,100,44.1942,5.71979,-0.753619,0.279918,-0.753619,0.279918,1.23731,2.40115,1.45603,-2.38985,-0.278731,0.747157,-0.131223,-1.60733,0.321247,-0.528987,1.14017,0.788829,0.666178,-0.404138,86.5236,26.593,-0.477557,-0.419104,2.0339,-1.2945,0.538197,-2.37038,1.30974,-0.911927,0.170001,0.242601,0.963476,0.259609,0.82693,-1.36926,-1.03619,1.62737,0.939128,-0.132476,33.7728,19.3045,0.348375,-3.00807,-0.250305,-2.59733,1.02271,1.72958,-0.411186,2.14057,0.914066,-0.679494,-1.5001,1.68782,0.545361,-0.137431,0.67398,0.751123,23.9717,31.8972,0.928682,1.13453,0.878386,0.311746,-0.0150651,-1.00707,0.124807,1.1617,0.268256,1.90613,-0.541754,-0.718262,-4.09291,-0.322446,-2.94851,-3.81111,0.303608,-0.747761,1.38402,0.580617,0.41201,-0.530255,-1.38679,-0.472746,-0.244788,-0.708639,-0.814742,-0.0625416,0.111697,-0.596588,35.7039,9.17989,0.698045,-0.245127,-0.383445,-0.943908,2.36217,0.929375,1.08313,-1.97269,0.100216,0.78935,-1.21982,1.14008,-0.0621571,-0.798466,-2.18143,-0.956635,0.99585,0.947711,0.194628,0.0169007,-1.38683,3.42162,-0.519985,2.65674,-8.1992,13.1999,1.9446,0.327523,-2.31449,-2.87015,1.16458,-0.472325,16.7257,4.22614,-0.258526,-0.139856,-0.0226382,1.18433,0.0688389,0.545065,7.59349,0.605825,0.365178,0.286622,4.47141,8.44171,-1.35595,-1.05888,1.67935,1.30467,-0.441592,2.709,0.755539,0.136222,4.19185,-0.454516,-0.361077,-1.1694,0.384991,-2.55799,0.361961,-0.836512,1.34061,-0.728462,2.27929,0.00339559,-2.17846,4.33769,-2.50482,-1.6222,-0.577815,1.72204,-0.563911,-0.40428,-0.642907,1.81297,0.15807,0.388112,-2.38259,2.30751,-0.234228,3.1466,0.23678,1.07538,-2.67613,0.781378,0.0705125,-0.553675,0.66078,0.917233,0.578732,1.9443,1.03633,1.00964,13.5316,6.52818,1.66966,0.0420597,2.30755,-0.669065,1.53661,-0.923554,4.06151,2.30319,-0.526583,1.79622,1.41327,0.146082,-0.429533,-0.347653,-4.73936,1.41746
1.9,1e+06,4.40576,14.1421,103.865,96.1355,100,44.1942,3.88808,-0.179355,-0.489864,-0.179355,-0.489864,-0.45442,1.04832,-0.747479,-0.344471,0.100035,-1.48577,-0.17013,0.669636,0.446641,0.371135,1.52865,0.423596,-0.0143402,-0.394736,0.00199031,-0.051263,-0.0934926,0.855939,-0.99821,-1.2598,0.04304,-0.0849119,1.52852,-0.673773,0.162516,-0.00111343,1.19894,-1.00121,-0.0807996,-0.30425,-1.28877,-0.68577,0.608892,1.20674,16.9084,7.65034,-0.956345,0.714665,0.66647,1.08505,1.11534,0.892327,-1.50633,-0.440514,0.58753,0.410496,-0.24831,1.48327,0.661483,-1.19837,-0.564006,-0.456294,14.597,9.05365,-0.395003,1.44104,0.858543,-0.43189,-0.0390205,1.15638,0.844084,17.5829,-1.41326,1.79364,0.678537,-0.227784,-0.0551911,0.110631,-0.448326,1.03221,-0.602887,0.354043,0.775865,-0.746001,-0.0594282,0.854742,-0.226109,0.768236,-0.604089,0.566183,-0.204446,1.11709,1.63733,-2.84596,7.49525,4.93411,4.42856,-1.07732,-0.21473,-1.08081,2.08177,1.03858,-0.209277,1.28882,-0.00264928,0.751295,-0.929795,1.42714,0.309555,-1.57178,-0.598909,1.20449,1.06227,-0.429411,0.714426,1.17421,1.39572,0.479034,-1.37727,0.627043,0.121321,0.236826,1.11501,-0.458503,-1.29961,1.69314,1.64442,0.898409,0.866623,-0.301153,2.0972,0.0972021,-1.189,-1.50814,1.31069,0.543201,5.31893,5.51547,-0.233378,0.441594,10.4973,0.299557,0.837783,-0.0661412,1.65174,0.279748,-2.53578,-0.466889,0.782063,-0.4133,0.0224048,1.18077,-0.164246,-0.748122,-0.130746,0.998639,1.02718,0.806496,1.34572,1.62921,12.5225,10.5486,-1.99889,0.425175,-0.0182336,-1.26185,-0.422491,0.433922,-8.37627,24.3392,0.509874,0.699891,0.170631,-0.364503,-1.8,0.158963,-3.05794,1.29883,-0.799183,1.04848,0.251022,1.53635,0.531398,-0.111174,1.04302,1.62628,1.11742,-0.0660167,1.59145,0.22465,68.6067,2.86497,1.92957,-0.0307719,-0.329219,-0.998265,1.07869,0.737066,7.25819,0.680743,0.226856,1.82163,0.182242,1.63106,1.63963,0.111413,-3.10926,0.69486
2,1e+06,4.30583,14.1421,104.011,95.9889,100,44.1942,3.73575,1.42394,-1.03987,1.42394,-1.03987,0.556904,-0.335273,0.467765,0.190287,1.3914,0.174903,-0.345219,-0.394668,0.284741,0.631838,0.272552,0.269035,-0.456836,-0.0812596,0.231403,0.269825,1.26939,-0.478585,0.0224208,0.222281,0.89578,-0.682364,0.273641,-0.00239348,-1.31588,-1.31684,0.956028,-0.94824,0.726335,-0.218561,-0.288,0.307936,0.197328,-0.183511,1.51626,0.92527,-1.18234,-1.14904,-0.8286,1.03409,0.78883,-0.946809,-1.31672,0.545376,-1.88945,2.32435,-1.05844,-1.02172,-0.415224,0.462065,0.607506,-0.612185,41.7023,36.0074,-0.591538,-1.31875,5.33536,-1.10464,0.872316,1.08791,-0.658378,-1.36439,-1.12307,0.067192,-1.41131,0.233582,-1.61155,-1.07805,0.314463,1.25451,0.355631,0.165624,0.363122,0.0556226,2.09842,-1.07407,-2.51748,0.561721,0.387905,-0.112778,1.02579,0.274924,11.644,31.0595,1.7881,1.13406,30.7086,31.6264,-1.32537,-1.04909,1.58355,0.626454,1.54771,-0.253315,-1.08212,0.802827,-0.452165,-0.660401,0.154562,-0.861265,-2.17054,0.613484,2.82929,0.576183,0.21829,-0.622776,-1.16299,-0.0356207,-0.252377,0.763694,-0.724415,29.523,-0.377892,1.28702,-1.09162,-0.068595,-0.0664582,1.74802,-0.0478208,0.502722,0.993914,0.968175,-1.63871,-0.149149,0.527808,0.0791502,27.2314,38.3906,1.01683,-0.126377,0.428967,1.19356,-0.400778,0.332414,1.04324,0.499735,-1.22093,0.318754,0.815417,-0.127857,7.88027,0.533413,66.8453,0.818753,-0.495346,-0.0540001,-0.187607,0.07676,2.25739,0.605837,0.93343,0.6652,-2.46186,1.01204,0.191991,0.24004,-1.35677,0.181592,2.84422,105.322,0.0779609,-0.798136,0.4657,-0.410776,-0.598988,0.294435,-1.40516,0.774591,-1.95216,-0.213321,-1.01583,0.689127,-0.139237,-0.722088,-0.599314,1.92219,0.402081,0.756209,1.79456,-0.372203,0.846424,0.832119,0.989099,0.34742,0.758924,-0.99471,0.585826,0.703402,0.428707,-0.512134,-0.384173,0.909793,0.379658,0.644648,0.518865,0.557495,-3.19811,0.00932211
2.1,1e+06,4.39576,14.1421,105.34,94.6598,100,44.1942,4.19619,0.279635,0.142123,0.279635,0.142123,0.445182,-1.03236,9.76184,30.2025,-0.350253,-0.459926,-1.75978,0.103371,0.595043,-0.967328,0.663371,0.881453,0.85473,-0.698722,-0.309813,0.117205,0.275488,0.441364,0.315889,-0.261609,-0.306072,-1.13538,0.907852,-1.46523,-0.452616,0.794225,0.427709,-0.0269676,1.41082,-1.11207,0.0481012,-0.143524,1.00272,0.63309,1.91782,0.0079336,-1.9738,-1.44129,2.66092,0.137926,0.191387,1.23309,-0.605543,1.28844,2.48276,0.263386,0.126263,0.827065,0.633598,-0.727466,12.1657,-1.15542,10.1383,5.13125,1.47014,0.0341614,1.19882,1.5306,0.454823,1.7805,-0.594569,-1.77026,-1.01599,-0.392845,0.331222,0.131277,-0.711818,-0.699594,-1.78387,-1.10679,-0.0968725,1.18932,0.314425,-0.682318,69.6967,2.45404,-1.33674,0.107985,0.630607,-0.240846,0.521958,1.01969,9.26037,21.1735,71.1561,11.8366,5.67929,1.27827,0.696942,0.966397,2.10569,3.67656,-0.637258,2.09732,-1.12093,-0.634284,-0.417998,1.56258,0.62237,-0.470417,-1.53791,0.251672,0.560913,0.929468,-2.01934,0.536848,0.434795,-0.292538,0.661971,1.61432,3.1186,0.469472,-0.0742222,0.322919,0.0401781,-0.348638,0.339123,1.49386,0.288019,0.209977,1.35731,0.809832,-1.47335,0.32938,1.20327,0.759911,0.197628,2.83226,1.47213,-0.588474,-3.10227,3.38711,-0.826704,-0.571818,1.25683,-0.341851,-0.768065,1.73169,1.36003,0.116457,0.517892,0.298461,56.1877,-15.5231,-1.43489,1.43633,0.856804,-1.00311,4.66318,0.427222,0.595096,-0.568466,-1.5881,2.32593,-1.18602,-0.153842,0.165499,1.35864,-4.5382,0.746918,0.0965796,-0.806586,1.65227,-0.886555,-1.24029,-0.0622438,-0.424747,0.0650009,0.500175,-0.857947,1.04601,-0.397359,-0.317681,0.180541,1.39745,-0.4385,1.42711,0.657451,1.69552,0.662021,0.0634829,-1.08438,-0.691671,0.642854,0.306108,0.613127,1.46707,0.595352,0.73859,0.911317,-0.110424,-0.182005,1.27666,-0.340862,1.08017,0.989013,-1.12318,-1.36746
2.2,1e+06,4.26689,14.1421,105.14,94.86,100,44.1942,3.69253,0.824848,-0.811235,0.824848,-0.811235,0.447044,-0.822566,-3.16461,5.98317,-0.503724,-0.426622,-1.91903,1.66182,0.228334,0.773612,-0.133319,1.39635,0.850378,-0.112253,0.053537,-1.3725,0.00241203,0.415889,0.713247,0.2487,-2.00515,-0.345986,1.18123,0.25868,-1.52291,0.451988,0.137939,0.146459,0.397037,-0.291978,-0.0462852,-0.961157,30.625,12.7764,1.003,-0.197578,-0.465037,-1.1188,0.425932,0.399242,0.587394,0.521795,-1.18418,-0.104599,0.212899,0.15487,0.0972601,0.499806,0.379454,-0.0460131,0.120036,0.240377,13.5581,4.06405,-0.638887,-1.0881,1.32296,0.0436045,0.414542,0.54261,1.29324,0.228892,0.985158,0.725794,0.39998,0.389391,-1.23066,-0.81156,0.242973,0.781976,0.742736,-1.30078,-0.977488,-0.532039,5.36049,-2.5128,-2.17189,0.52749,0.562459,-0.37865,0.988809,-0.498854,16.5105,59.5252,1.34618,0.307752,10.4725,18.2319,-0.769282,-0.30375,6.48832,2.16502,1.22702,0.26331,-1.28395,0.336761,-1.68501,0.485636,0.0664106,-1.48168,-0.589055,-0.301557,0.681161,0.332372,1.23644,0.826836,1.29884,-1.28682,-1.91665,0.455102,4.87981,3.46567,-0.266669,-0.438993,-0.382762,0.29894,1.56678,-0.162055,0.341471,0.209328,1.44766,-0.462807,-1.28672,0.193387,-0.638037,0.86428,2.78262,1.47264,0.375984,-0.371611,1.09733,0.524765,0.326611,0.789084,0.644742,0.574053,-1.03387,0.763812,0.738341,0.482937,1.11111,0.38925,0.613202,-1.74386,0.624131,0.513117,40.879,11.8397,52.1728,31.6516,0.714222,1.17153,-2.27892,0.712613,0.721901,-0.591137,0.0409014,0.856512,-0.705656,-1.39278,-0.750176,-0.0662798,0.562505,0.385951,-1.34575,1.20532,-2.44066,1.30043,1.03441,0.360432,0.11038,0.329955,-0.333382,0.646212,0.902099,0.549643,0.585176,0.869087,0.841601,0.623305,0.147577,-0.0596731,55.4826,19.2861,0.715496,-0.286563,-0.582155,-0.366076,0.794433,-0.227638,-0.626091,0.926383,1.10835,-0.841271,-0.178116,0.860342,-1.65676,0.607121
2.3,1e+06,4.35478,14.1421,105.068,94.9316,100,44.1942,4.12908,0.466299,-0.897865,0.466299,-0.897865,1.78464,-0.36504,19.5161,25.7195,0.38551,0.429815,-1.52166,0.528867,0.44263,0.956699,1.51855,-0.122842,0.0671668,-0.584766,0.277567,-0.04931,-0.105054,-0.159539,21.1832,11.4147,-0.9109,-0.668443,0.477653,-0.450699,-0.371056,-1.20255,1.04058,3.94607,1.00874,-0.331208,0.0679135,0.176702,7.70552,-3.0285,1.03516,1.26391,-1.50972,-0.368641,0.378929,-0.241967,0.40142,0.233165,-1.86835,0.409831,2.01748,-2.18511,-1.36645,0.706127,-0.29052,-0.526853,0.722269,-0.560431,0.259935,-0.384413,-2.53725,-1.16797,0.413107,0.680855,-0.131211,-0.0349659,0.915223,8.32306,-0.190734,0.0362678,0.761015,-0.0775003,-0.234931,-0.433467,-0.279908,1.36616,0.649871,-0.491366,0.105964,-0.385708,25.7477,6.25668,-0.802376,0.96073,0.488912,0.602857,-0.0101919,-1.13299,1.58213,-1.00469,29.9391,6.31396,1.29261,0.412667,1.20223,0.31277,1.71808,1.91317,1.45648,0.518984,-0.233012,-0.237389,-1.68553,0.59145,-0.0354894,-0.0574009,1.1449,0.361991,0.805997,-0.403185,-2.13477,0.103497,0.237784,0.804514,-1.52851,-0.878704,0.528126,1.48176,-0.15543,-0.825223,-1.75711,0.777114,1.56535,0.209835,0.020478,-1.19776,1.68269,-0.506788,-2.91485,0.414472,0.601316,0.0815951,18.8502,20.0621,1.11826,1.02264,2.63931,84.6749,0.335454,-0.221677,0.872658,-0.168027,-0.5181,0.278224,-1.72651,-0.148691,0.894467,0.345073,0.987577,0.754311,0.968383,-0.767782,0.318026,0.118734,3.58694,3.10086,0.919459,-0.895803,-0.381076,0.390248,0.0966775,0.761041,-0.990635,0.79777,2.27627,30.3748,0.799255,0.0731159,0.599244,0.164511,-1.38867,-1.22364,-1.59002,0.821167,0.639405,0.846093,-0.978887,3.27067,-0.317834,0.105694,1.46377,-0.5285,1.21488,-0.457077,0.681139,-0.277936,0.44529,-0.0489359,4.99568,2.06804,0.499134,-0.637789,0.639797,-0.802495,0.459042,0.00379938,-0.0804479,-0.954507,0.507304,0.270382,17.6875,5.85979,-2.48847,1.64827
2.4,1e+06,4.32164,14.1421,105.172,94.828,100,44.1942,3.45246,0.821479,-0.421359,0.821479,-0.421359,-0.168749,0.226033,13.5146,9.5324,0.542012,0.501697,-2.04904,1.26763,2.01797,0.456206,0.272537,-0.292859,0.36062,-0.304969,3.04274,0.566998,1.65305,-0.777858,1.93324,0.224026,-0.0919355,-1.46611,0.959153,-0.259591,-0.342565,0.350613,27.0518,64.664,0.749294,-0.131504,-0.480047,0.506562,3.82167,5.54043,38.6895,37.2805,-1.53405,-1.39878,-0.852914,0.90647,-0.244882,0.906637,-2.05766,0.118272,-0.328307,0.792071,-0.0866324,0.457141,0.608587,-0.266877,-1.18416,-1.00399,1.76379,0.08816,-0.787882,0.355842,0.735667,0.87261,0.929747,0.534832,19.6343,30.3603,-0.899428,0.456837,1.0764,0.209907,-0.60327,-0.180292,-0.222623,1.61587,0.459097,-0.08507,0.384166,0.404329,45.5881,5.82577,-0.600074,-0.780505,-0.964292,0.524084,0.385621,-0.688473,1.50502,-1.53135,5.22499,1.29539,0.669283,-0.599068,-0.031329,-1.3522,3.51077,1.69807,1.74505,-0.724368,0.582446,0.730188,0.434654,1.45584,0.262618,-0.566047,-0.394915,0.825158,0.10342,1.26906,0.199043,0.940277,0.75614,0.289186,-0.25184,-0.352928,2.9663,2.38493,-0.682783,-0.347844,-0.949951,-0.43583,1.18092,-0.162738,0.284694,0.788314,0.711153,0.122541,-2.39663,1.52508,0.510038,1.17481,1.18375,0.692476,0.401763,-0.241597,5.60053,0.261213,-0.38069,0.721924,1.22812,0.517685,-0.192045,-0.39208,3.15922,-2.36672,24.2764,6.75821,-0.707024,-0.195286,-0.454432,0.002578,19.6447,4.73338,14.5785,7.12383,14.2788,0.292967,-2.20659,-0.13032,-0.651444,0.167623,-1.00573,0.286344,-3.64144,92.3743,1.60252,-0.598552,-0.365938,-0.231002,-0.974972,-0.485491,0.578359,-1.19922,0.248641,0.885439,0.0918544,0.881046,0.139934,0.308471,0.843266,0.184758,0.724017,0.526326,-0.658988,-0.342473,2.73547,0.0739092,11.087,8.26322,0.0741064,0.28073,0.0861987,-0.150299,0.918285,0.429521,0.60513,-1.21559,0.648436,0.342055,8.42403,3.47789,0.439299,-0.512435
2.5,1e+06,4.27348,14.1421,107.556,92.4437,100,44.1942,4.04893,0.302387,-0.222266,0.302387,-0.222266,0.809788,0.377917,2.06963,-0.958009,-0.0588756,-0.550932,-2.0022,0.369388,10.6446,7.49447,0.073712,-0.339797,-0.971986,-0.896198,1.64519,1.369,18.3747,0.142383,38.4422,38.9508,-1.14857,-0.299892,0.478124,-0.427779,-0.353602,0.259847,2.50596,6.20804,0.750042,-0.384128,0.124889,0.355038,1.73958,-0.203166,1.07491,0.947666,0.0945882,-0.144007,0.189,1.05063,0.492546,0.928134,-0.492768,0.582344,1.6778,-1.0261,-0.256203,0.218558,0.591173,0.270645,0.914562,-0.462377,6.83027,6.45923,0.521876,0.909729,0.0243411,-1.37165,0.683151,-1.31191,-0.306736,-0.344371,0.00923382,0.689199,0.436815,0.673651,-2.25312,0.415685,-0.337366,-0.454809,-0.143104,0.249771,0.660392,-0.186653,2.43595,0.97055,-0.713178,-0.0206206,0.541228,0.136258,0.539324,-0.617432,20.5653,32.8887,48.4107,14.6861,0.819088,-0.357001,0.11514,0.219846,1.80436,0.70826,-0.0652016,0.676731,-1.48269,1.2521,-0.636089,0.327076,-0.520736,0.103103,-0.34616,0.0723522,1.42636,0.180343,0.83406,0.597918,0.461667,-0.235745,0.0893179,1.08524,22.7628,51.5251,-0.092747,-0.385514,-1.53892,-0.802583,0.871123,0.367274,-1.04447,-0.954556,0.982745,0.194797,-0.751905,2.30565,0.2589,-0.142098,1.83884,-0.290691,0.76474,-0.540959,6.0527,24.6676,0.507338,-0.280738,0.371405,2.00902,-0.922872,-0.214291,-0.173692,-0.340515,13.7709,0.166819,-0.287177,-0.850713,0.410468,0.491281,65.2161,27.4292,52.3518,37.8651,18.8957,15.4185,-1.41482,0.687327,-0.129156,0.48493,-1.70795,0.829738,13.7293,54.4647,0.935118,0.269548,-0.906548,-0.529643,-0.790528,-0.78813,-0.123472,0.0353021,0.353426,0.559597,-1.41704,0.252697,0.377424,0.187769,1.91918,-0.693945,0.178972,-0.448423,-0.151532,-0.618994,1.03903,0.434169,1.1952,0.431621,0.942158,-0.967385,0.773876,-0.947292,4.19553,11.7324,-0.11661,0.124694,0.093399,0.329879,1.50313,0.875148,-2.02102,0.924544
2.6,1e+06,4.30149,14.1421,106.752,93.2484,100,44.1942,3.04099,1.63001,0.0695894,1.63001,0.0695894,0.663775,-0.274578,16.5301,15.4009,0.512597,-0.0151817,-0.977556,0.398662,2.0876,-0.92686,0.440429,0.932924,-1.28365,-1.8868,2.20309,2.21556,17.1908,2.34651,8.56729,22.8596,-0.418194,0.0126583,-0.299693,-0.228714,0.401654,-1.08932,8.85936,27.0342,0.581324,-0.481162,-0.635734,0.395584,1.92567,-0.0293114,0.138788,0.525934,0.298641,0.625663,-0.616543,0.011957,0.489892,0.2445,0.107844,2.15243,0.680278,0.100234,0.771541,0.30843,0.50316,-0.366486,1.8832,0.68652,1.26586,0.518567,-0.439798,0.0544767,-0.558109,0.599816,1.3452,0.623739,0.0719943,0.0837586,0.39278,0.927507,0.487008,0.0510745,-1.49107,0.283902,0.0394968,0.0960626,0.740335,-0.373564,0.226369,0.248652,16.1579,3.79716,-1.00758,-0.479247,0.652068,0.207939,-0.939051,1.24191,-2.15527,2.31681,0.649958,0.226648,12.6916,0.249533,0.303931,-0.169562,26.3491,9.57591,0.908616,0.85175,-1.12272,0.91193,-0.434465,0.141677,0.0482393,0.218266,0.0932399,1.75522,1.26141,0.0414475,1.02758,-1.08581,1.58595,0.301719,-0.902267,0.673041,-0.0358968,-0.297113,1.29802,-0.455147,-0.91659,0.855608,-0.301168,1.39577,-0.109565,0.151481,0.656991,0.637218,-3.07122,1.53139,1.18945,1.21181,5.06438,6.60437,-0.347649,1.14601,0.605343,0.4031,0.493739,0.901625,0.241294,0.843925,-0.133991,0.60225,0.4963,-0.582065,45.4568,12.1288,0.858466,-0.210149,0.60305,0.339338,1.14623,1.33651,1.1308,0.310955,1.21859,0.077406,-0.188505,-0.317937,0.950549,1.16865,-0.519759,-0.247872,1.45568,1.38355,0.104918,0.617033,0.658507,-0.1335,-0.44557,0.658032,0.525623,-1.34688,-0.349399,-1.04532,-0.216608,-0.0840857,11.819,-2.2272,0.906363,0.24108,0.219203,-0.646372,0.286401,-0.385031,63.8547,30.8428,8.32325,4.43585,0.325283,0.0364898,0.780541,-0.575775,14.0087,3.27653,0.145178,0.193536,0.176154,1.90903,1.22748,0.703194,-1.77504,0.421093
2.7,1e+06,4.23724,14.1421,104.972,95.0283,100,44.1942,3.30376,0.628298,0.0288728,0.628298,0.0288728,1.01993,0.485451,14.8453,16.1749,-0.146051,0.0825936,-0.871033,-0.0379812,32.3972,28.6765,0.240349,1.12908,-29.7232,93.444,1.90283,0.995069,0.588985,-0.0510292,-0.0325191,-0.0356539,-0.723117,-0.455915,0.440824,-0.192279,-0.246032,0.42782,1.20643,-0.0282332,0.494798,-0.643149,0.0060409,-0.706453,16.4866,6.58831,0.852166,-0.217635,0.129749,-0.535254,0.517717,0.308691,0.626379,0.357045,0.109311,1.41965,1.0966,0.088758,-0.367591,0.295247,1.47126,-1.03692,1.07711,-0.415427,62.0359,71.6701,-0.183812,0.900745,0.417786,0.529099,0.813457,0.343461,-0.619328,-0.264882,-0.258525,0.517287,0.281621,0.226122,-0.811709,0.958472,-2.02552,0.0824346,0.441634,-1.00218,0.807224,-0.291637,41.3124,5.90884,-0.194029,-0.4627,0.0856809,-0.561061,-0.899444,0.738837,15.9056,27.9346,62.467,24.4266,1.24559,0.153176,0.559307,0.0705394,51.7302,16.8488,0.654535,0.446147,-1.22926,0.132425,-0.149537,0.243953,0.0944795,0.0888888,0.0814322,0.938848,-0.312918,-0.602672,1.73941,0.167095,0.161929,0.501843,-0.401534,0.247749,-0.360712,-0.844194,52.784,16.4918,-0.966429,0.451129,0.122832,0.561027,0.808897,-0.16849,12.6721,6.75565,-0.919786,0.10617,0.088828,-0.240452,1.30339,0.285985,2.26882,0.322349,6.62252,1.70604,-0.630705,-0.20404,0.0433098,0.0259931,-0.678474,0.161877,0.499646,-0.281299,1.13346,-1.14361,0.293864,0.0535394,0.69794,0.342097,7.58428,3.0288,0.913518,0.623593,1.03217,-1.05936,-0.358671,0.0364439,0.33588,0.559983,0.664396,0.731105,1.14126,-0.136646,-0.228809,-1.31158,0.383275,0.368271,0.146113,0.118806,-0.567526,0.155279,0.913379,0.712992,0.965884,-0.0475042,49.2198,6.07133,0.392454,0.184151,1.0167,0.235253,13.0812,4.21509,3.21116,3.8598,0.850013,0.0438506,-0.95008,-0.371737,-0.48861,0.359414,1.21917,0.438295,0.909823,-0.0762612,0.841566,0.173676,-0.315293,-0.755313,-1.56646,0.225447
2.8,1e+06,4.28938,14.1421,106.324,93.6758,100,44.1942,3.24525,0.561906,0.272773,0.561906,0.272773,0.815913,0.159643,5.41438,2.54376,-0.877082,-0.207798,-0.588188,0.0591837,22.4601,74.2819,1.74953,-0.0581112,0.551854,-0.961264,0.608993,0.127484,0.375914,0.218801,0.488776,-0.796771,0.459019,-0.747533,0.527786,-0.656337,0.267019,0.157578,-0.0835907,-0.642399,1.21824,-0.744266,0.355661,-0.520307,34.2268,20.8724,1.0288,0.267495,0.539851,-1.18682,0.623699,-0.895071,1.42435,0.61548,-1.23185,0.610775,-0.506258,-0.200404,0.466699,0.577606,0.111827,-0.407312,0.276529,0.146818,0.926084,-0.0750716,-0.825538,1.42272,0.482198,0.454671,1.13413,0.51341,0.573605,0.421737,0.791392,-0.782938,0.762897,-0.230022,-1.49837,1.21515,-0.403337,-0.355818,0.737943,-0.694396,0.176799,0.279225,6.77975,0.567108,0.155103,-0.548056,-0.265619,0.200621,0.328472,-0.493055,-0.113263,-0.341123,0.686413,0.594093,0.192092,0.180837,0.276809,-0.166544,0.447167,0.295656,0.758785,0.0178064,-1.58279,0.597705,1.31485,-0.124405,1.48868,1.26446,0.457257,1.13425,0.77071,0.44833,0.819262,0.18204,0.210274,-0.931002,-1.1994,1.54073,0.184887,-0.557869,0.936487,0.627634,-0.903995,-0.157711,-0.0564348,0.018049,4.91434,1.81765,3.31474,0.519626,-0.850715,0.569538,0.824348,0.766833,5.61163,4.66488,1.03822,0.542951,11.8273,11.972,0.940912,0.0968656,1.22597,-0.263937,-0.283383,0.51143,0.477734,-0.378375,6.33386,4.18538,-0.0196583,-0.536828,-0.439737,-0.0821379,0.392742,0.156169,1.85024,0.706523,0.601497,-0.0251976,-0.646235,0.735587,0.927102,0.900936,-1.52787,0.884115,0.387671,0.156262,-0.174229,1.37978,-0.152727,0.690303,-0.799888,0.403783,-0.138431,-0.0171332,0.763051,-0.891392,-0.151976,-0.464391,-0.14305,-0.0773126,0.0466673,0.276513,-0.120592,0.0260659,-0.0439758,-0.811794,58.8507,14.2675,18.1556,2.28851,-0.186986,-0.539955,0.686382,-0.453759,0.725356,0.597805,0.390313,0.0260166,0.0076501,0.120962,0.526449,0.482025,-0.699068,1.04137
2.9,1e+06,4.24504,14.1421,105.178,94.8225,100,44.1942,3.95189,0.648878,0.499374,0.648878,0.499374,0.891835,0.167386,1.74969,-0.687415,0.423946,0.541628,-0.887909,0.771987,2.01235,0.145967,1.06535,0.296195,11.4533,13.882,12.1594,1.47404,0.363807,0.186046,0.226188,-0.938282,-0.750464,-0.150346,0.310267,-0.0767908,0.0612129,-0.029525,-0.361596,0.495968,0.125132,0.0382645,-0.0703689,-0.519403,0.26611,0.203626,3.00973,1.40433,0.73772,-0.942164,-1.28429,0.749251,-0.0393167,-0.877267,-0.421159,0.0346099,0.575965,0.29552,0.482857,-0.0464179,0.262443,0.0269309,2.06345,0.802381,1.41829,1.85724,0.422341,-0.0467626,0.0151504,-0.181762,0.377164,0.560354,2.31823,16.4684,13.8843,9.46675,0.405294,-0.238567,-0.844809,0.514537,-0.496038,1.73085,0.708233,0.320603,0.292323,0.483634,-0.193137,-0.987698,-0.269018,0.423191,0.793569,-0.691081,-0.0194704,0.183421,0.13714,-0.533259,7.61856,1.23336,8.42044,10.2466,0.597188,0.0392682,36.8797,24.5315,1.49102,-0.0488933,-1.37362,0.275921,-0.116104,-0.0224316,0.844002,4.56049,-0.0703933,-1.55828,0.547399,0.585547,0.675979,0.17636,0.403908,-0.27412,-1.03861,1.12379,-0.20652,-0.830198,-0.818998,-0.092281,-1.15455,0.36509,0.150843,-0.224221,3.20266,-0.622325,1.2114,-0.108789,-1.25655,0.852505,0.844227,-0.395087,0.679875,-0.587227,0.555168,-0.192495,-0.475559,0.312642,0.843921,0.194441,-0.149351,0.225696,-1.44315,-1.09582,0.780249,-0.348582,79.651,43.1196,0.450341,0.153636,-0.299388,-0.985337,-0.421862,0.110035,0.330377,0.465548,0.688166,-0.0763454,-1.595,0.241445,-0.274959,0.949427,-0.659415,-0.401109,4.38564,2.95343,0.508886,0.198307,0.141208,0.0085266,-1.73431,-0.816206,-0.128587,0.122815,-0.60798,0.595096,-0.369364,0.407914,-0.0228207,-0.0932522,0.139884,0.563202,0.0730425,0.0805765,1.24785,-0.291182,8.76116,6.04438,107.619,73.0233,0.0233506,0.161934,0.329068,0.500394,0.532979,-0.161186,1.25872,-0.929428,-0.473076,1.97061,0.493183,0.407383,-0.580685,-0.485932
3,1e+06,4.25624,14.1421,105.711,94.2893,100,44.1942,3.38791,-0.551563,0.647281,-0.551563,0.647281,1.21257,-1.24129,1.99948,0.621573,0.951525,-1.04888,-1.4534,1.5821,1.88846,1.8761,0.931095,0.49837,6.54418,6.9641,-0.430713,-0.0294379,0.455982,-0.40213,0.180465,0.169808,-1.47378,0.112565,0.0810253,-0.00208196,0.216561,-0.42409,0.808142,0.442765,-0.563621,0.0261587,0.296099,0.206061,1.22051,0.303718,19.2414,16.2035,0.201584,0.128997,0.121571,-0.12233,0.275575,0.467333,-0.220441,0.816448,-0.551147,-0.0715432,-0.466296,-0.0103761,0.471939,-0.41804,19.2652,6.11691,2.6765,1.41946,0.0402318,1.43901,0.727485,0.472695,0.549208,0.768246,1.81181,62.7299,8.00191,76.4151,0.294445,0.20405,-1.00564,1.18687,0.9237,-0.561236,0.204572,0.0645973,0.000197276,0.13856,88.2201,11.7171,-0.0631495,-0.273442,-0.176315,-0.0117249,0.0780579,-0.0535248,0.45147,-0.362521,67.7832,49.2856,0.934432,-0.87997,0.790718,0.549394,1.17014,2.01172,0.0381874,-0.624575,-1.00518,0.273568,-0.30675,-0.194846,-11.9109,57.0606,-0.11304,-0.429064,-0.442054,-0.0702835,0.692001,0.892091,0.506633,0.245498,0.0582803,0.734274,-0.274902,0.293134,0.645223,-0.00604763,-1.25306,0.676339,0.623402,0.869056,0.852222,0.961762,22.8725,14.7618,-0.152889,-0.801899,-0.255949,0.0217072,0.641362,-0.0169636,0.0107951,-0.0847176,7.70482,20.6201,-0.0456212,0.0848904,0.668887,0.269686,-0.97559,0.0220424,0.33503,0.560204,24.4527,18.5632,0.247989,0.009401,-0.44096,0.00728424,0.22064,0.660006,1.48367,0.259266,1.7932,0.585729,-1.05181,0.178154,0.0609734,-0.774589,-1.17387,0.241385,15.9126,34.3484,-0.11971,-0.586976,1.07786,-0.0668301,-0.703773,0.454618,-1.2904,0.5205,0.537869,0.155036,0.574193,-1.06202,-1.01815,-0.025406,0.613803,-0.75327,0.330085,0.202521,0.392334,0.117339,5.35156,2.23783,0.635877,0.640667,0.414575,0.100449,0.519072,-0.229385,-0.943102,-1.4262,0.327812,0.429317,0.194607,-0.0823328,0.639237,-0.969855,-1.91693,0.0862454
3.1,1e+06,4.25244,14.1421,106.454,93.5456,100,44.1942,3.4675,-0.035224,-0.370885,-0.035224,-0.370885,0.694397,0.136672,1.215,-0.372735,0.283267,0.581442,-1.24385,0.708869,17.5978,17.5169,0.667369,0.267949,7.96459,33.8466,0.268043,-0.33415,0.376506,-0.503362,0.0758467,-0.0602586,-0.0743282,0.207889,0.321712,-0.50735,-0.846373,0.0825537,-3.36596,11.7153,0.302366,-0.817219,0.0149853,-0.130402,3.52354,1.8966,11.1579,13.0444,0.189689,-0.40078,0.703889,0.43667,-0.360108,0.926274,-1.26131,0.613736,-0.585321,-0.232789,0.638179,0.483788,0.224305,-0.0815747,0.773302,20.3904,9.21034,9.52809,-0.144737,-0.0705175,-0.235252,-1.24933,0.957338,0.49047,-0.764148,1.26027,3.14205,-2.43129,-0.400662,-0.845899,-0.979782,0.567344,-1.81852,1.17172,-0.0904208,0.84191,0.317464,0.257104,0.340462,-1.00884,-0.0521817,-0.0182282,0.256907,0.0983934,0.342607,-0.0249811,-0.00728718,-0.119683,4.81299,3.19535,0.428705,-0.170034,0.315412,0.295752,-0.0656608,-0.454708,-0.224442,0.376381,-1.34547,1.26992,-0.192448,-0.089591,-1.04534,-1.04338,0.073435,-0.103721,0.346363,-0.481708,-0.361413,0.5575,0.468816,1.08727,-0.374491,-0.274218,-0.00904794,-0.948719,0.362299,-1.05068,-1.22698,0.33492,-0.140822,-0.28313,34.3973,-7.85778,0.894853,-0.319312,-0.601233,0.276079,0.334616,-0.0389245,0.772917,-1.21252,0.158322,-0.0686002,14.6001,28.2869,-0.560803,0.575698,0.751813,-0.448032,0.515292,0.483322,-0.487342,-0.0796668,3.53947,1.24985,0.379326,-0.805456,-0.0569538,0.00313615,0.48073,-0.693008,0.984578,0.169787,1.12945,0.285195,-0.327579,0.547457,-0.122188,-0.443859,-0.592538,0.543361,2.34159,-0.47383,-0.100771,-0.66834,0.182146,0.02613,-1.71774,0.534618,-0.490345,0.0779084,0.92913,0.206295,-0.571479,-0.133975,16.0197,12.3099,0.872162,0.468802,0.24515,-0.734195,-0.235165,-0.955998,51.3643,5.4378,0.993566,0.111664,-0.166896,-0.0139334,0.607726,-0.297865,0.668805,0.956458,0.323214,0.498707,0.493638,-0.554816,-0.390386,0.122147,-0.585423,1.346
3.2,1e+06,4.27285,14.1421,105.995,94.0049,100,44.1942,3.30297,0.83144,0.266881,0.83144,0.266881,0.772244,1.67734,4.89847,3.32836,-0.72452,0.325142,-0.669085,0.993371,1.87364,0.0110267,0.589871,0.433569,0.200952,-0.111604,0.198217,-0.0358835,0.61543,0.249066,-0.367879,0.967388,-1.0154,0.455272,-0.0793258,-0.352133,-0.333208,0.287533,0.485546,-0.842167,0.903468,-0.420951,0.261711,0.346384,1.74388,0.677037,9.10558,6.44474,0.09763,-0.510596,-0.0700785,0.254691,-0.468558,-0.677734,-0.720016,0.847647,-0.0903336,0.0503035,-0.466899,-0.259786,0.665527,-0.12756,12.7746,66.6759,4.06904,3.63614,-0.517325,0.430336,-0.0147723,-0.374605,0.405735,0.0160234,0.517976,0.798333,1.43643,0.244265,0.116126,-0.145018,-0.184976,0.720505,0.926373,0.0426114,0.382682,-1.34013,65.5736,6.91578,0.380781,0.452446,-0.115293,0.617212,0.197224,-0.188155,0.512798,0.334518,-0.801999,-0.84764,0.608544,0.801607,20.165,35.8749,-0.0633371,-0.0779535,0.485622,0.532493,0.633238,0.00996699,-1.24071,0.491545,0.026191,0.310402,0.179682,0.345961,-0.470503,0.00403086,0.310155,0.550754,0.691174,-0.428818,0.22604,-0.0489318,0.882751,1.10169,-0.102976,0.399068,-0.456927,0.411981,-0.312343,0.83789,0.1568,0.0949857,5.27655,2.45115,1.13725,-0.750925,-0.6626,0.419206,-0.204446,-0.597704,57.7648,43.3563,0.298537,0.0851129,-0.789976,5.77051,-0.0541335,0.381984,2.18326,-0.70206,-1.12511,1.22539,1.09773,-0.0589678,1.79282,-0.0684017,0.272929,0.670863,-0.879967,-0.274865,28.4332,9.6579,0.0976346,-0.00776958,0.96949,0.767931,-0.0668647,0.280595,0.041962,0.057692,-0.932138,0.733989,0.193285,-1.02148,0.0103028,0.455045,0.773318,-0.500379,-1.03224,1.43546,-0.811811,0.338977,0.737223,0.0219591,-0.182042,1.7801,0.191338,-0.0532912,0.37717,0.762729,0.612367,-0.356893,0.973164,-0.397858,2.76275,-1.77165,2.02895,-1.00392,0.0211781,-0.656138,0.142991,0.586943,1.06388,0.493544,0.863569,0.240982,-0.418865,0.777885,-0.273857,0.146593,-0.417496,0.269504
3.3,1e+06,4.22139,14.1421,104.827,95.1729,100,44.1942,3.74689,0.282619,0.584617,0.282619,0.584617,0.487867,1.05351,21.123,17.127,0.649596,-0.564412,-0.478584,0.774234,1.15571,-0.726145,0.806269,0.171817,0.278219,0.559259,0.100541,-0.42618,-0.71547,0.0441731,0.0531244,-0.111546,-0.80682,0.982139,0.97116,-0.466453,0.110687,0.0280012,16.4923,44.3126,0.361025,-1.00887,10.2339,24.1517,22.8696,12.2904,2.16403,1.32421,0.793691,-0.952795,0.526344,-0.0608566,-0.85841,0.418762,-1.13364,0.613807,0.144987,-0.341861,0.600399,-0.143098,0.966293,-0.227044,0.219483,-0.528945,25.0667,20.8739,-0.234742,0.318329,0.199671,0.432322,0.81276,-0.0517622,1.14642,0.69693,6.7779,6.60543,0.278858,0.618994,-0.0235885,0.612626,-0.259067,0.919538,-0.127444,0.591041,0.84508,0.597599,-0.572812,-0.239542,-0.463019,0.101892,0.605629,-0.267226,0.640978,-0.135548,0.656405,0.143333,2.76616,2.75231,1.10295,1.45,0.928914,-0.477066,4.19522,3.44857,0.25948,0.294978,-0.767414,0.630637,0.644022,-0.0988943,-15.7788,48.9256,-0.603814,-0.330803,0.505089,0.207819,0.392642,1.10611,0.0617453,-0.897525,0.645847,-0.127264,-0.658334,0.796762,0.387479,0.728655,-0.244469,-0.0573407,0.836212,-0.0685714,-1.37314,0.897002,0.290098,0.0991153,-0.888956,0.816801,0.440816,0.0964067,6.92228,7.86307,0.688679,0.6672,0.49697,-0.40257,-0.393863,0.30226,1.02787,-0.149646,-0.416613,0.677491,0.359483,0.130835,82.8033,43.4913,0.676854,0.595381,-0.145895,0.0559327,11.408,3.9403,0.377293,0.112966,-0.0388985,0.368706,-0.957572,0.907201,-0.131927,0.813141,-0.712738,0.254343,0.0459839,-0.913201,-0.247989,0.186018,0.152267,-0.26885,-0.780774,0.314383,0.118753,0.399095,-0.460635,-0.766727,0.268395,0.210943,4.94703,1.02711,0.286122,0.0244846,0.271227,-0.646075,0.811841,-0.210089,0.398916,0.258282,0.554356,-0.371887,0.233674,-0.948721,0.513306,0.461057,2.53838,-0.310024,0.596274,0.0483153,-0.124047,0.762567,0.434404,0.160271,-1.56656,0.668128
3.4,1e+06,4.27536,14.1421,105.719,94.2812,100,44.1942,3.17076,0.533029,-0.04285,0.533029,-0.04285,0.701594,0.280041,2.95481,7.49824,0.094298,0.241134,-1.27034,0.663304,0.608592,0.0290208,0.296064,0.38235,1.46616,1.01495,-0.0219357,0.269896,1.24243,0.506723,0.812513,0.211267,-0.981867,1.77375,-0.287381,-0.365203,0.0517307,0.0322601,8.92889,15.6677,0.514599,-0.453569,23.356,13.1242,14.3602,14.0107,18.5541,3.27785,-0.306482,0.501852,0.156648,0.0382849,-0.778635,0.290905,-0.303169,0.314927,0.365285,-1.21092,1.03427,-0.201284,0.588746,-0.402221,0.674604,-0.0672795,-0.328601,0.0789094,0.264287,0.526123,0.474264,0.146355,0.127626,-0.064372,1.39107,0.171177,3.83041,3.88414,-0.396702,-0.173152,-0.920218,0.285008,-0.0955796,0.420336,1.14518,-0.00414269,82.7276,48.1881,0.988395,-0.0489086,0.756979,-0.335106,0.485544,-0.0581244,-0.000254859,0.371451,13.2135,19.7131,6.3312,0.916737,1.19031,2.87417,0.0525976,-0.271565,1.27825,0.452871,1.38304,-0.348818,-1.22901,1.50537,0.309256,1.08625,0.204201,1.24232,0.40128,-0.343329,0.20842,-0.340612,1.00767,-0.0378238,0.030378,1.42854,-0.114843,0.258605,0.146753,-0.914836,-0.169503,-0.0494914,-0.267322,1.38195,0.825625,-1.53301,1.1047,0.0480715,40.1155,8.88603,0.32192,0.295258,1.01759,0.575519,3.25836,2.04711,-0.663861,-0.421519,-0.0434906,-0.041267,0.415592,-0.298178,1.14576,-0.0456424,-1.02243,0.354583,0.282678,-0.0908714,0.62977,0.438603,1.21867,-0.26637,0.315788,0.418275,10.575,1.65548,0.498995,0.300147,1.45359,1.70127,-0.133454,0.339212,0.233177,0.546559,0.0721265,0.152547,0.155008,0.0910113,0.319359,0.330295,0.0695711,0.495921,-0.556879,0.259679,-0.696994,0.350453,0.379242,0.358979,-0.675624,0.469588,35.0577,8.04929,1.3586,0.533103,1.36964,0.353077,0.429035,0.077649,0.625656,-0.0720852,0.814521,0.850172,0.252679,-0.234542,1.74772,0.435565,55.5922,40.5273,-0.251107,0.661874,-0.0876336,0.424565,0.677999,0.613426,-0.0248404,0.941083
3.5,1e+06,4.22389,14.1421,104.962,95.0384,100,44.1942,3.21496,0.554719,0.048819,0.554719,0.048819,0.44896,-0.161457,2.48923,1.06847,-0.31587,-0.645299,-1.18253,0.424503,-0.126459,-0.44262,-0.668934,0.372475,1.70197,1.3843,0.627429,0.0839787,13.137,3.84563,0.862376,0.310979,-1.65713,0.205018,0.268895,-0.297547,0.243845,0.212606,3.20022,5.18184,0.278084,-0.0509214,1.53184,-0.977479,21.528,14.8326,2.46575,-2.1876,-0.0509584,-0.180278,0.306796,-0.374605,-0.466874,0.304222,-0.170147,-0.463645,0.45696,0.605737,0.183903,0.42354,0.420295,-0.0311603,0.231403,-0.373082,1.49018,-0.784741,0.297785,0.25898,0.159069,0.216401,0.224817,-0.0997429,0.813854,3.00097,11.3517,23.1013,0.229365,0.3737,-0.932864,0.135817,-0.136585,0.651629,0.441194,0.274698,0.0652955,0.343114,0.591169,0.0460051,9.42805,20.4505,-0.284634,-0.922779,0.473143,0.502556,4.52139,5.54996,0.759159,0.208844,0.0885569,0.601474,0.382118,-0.331475,0.924161,0.293377,-0.320342,0.200091,-0.429455,0.883214,-0.0730617,0.215095,-0.486455,1.6341,-0.171601,-0.396667,-0.0836959,0.432683,0.208484,-0.520699,0.229212,-0.0688974,0.310141,-0.14327,-0.812986,0.346946,0.254318,-0.738579,-0.652404,0.864498,0.763945,0.157953,0.886516,0.418067,1.02165,1.21717,-1.15603,0.312199,-0.501603,-0.44576,26.5826,21.0382,0.64044,0.36106,0.825107,-0.0132135,-0.694978,0.517975,5.55265,3.12989,-0.0799063,0.10473,0.340909,-0.40439,0.484949,0.0615323,0.773587,0.430487,-0.157923,0.214992,26.4832,2.2082,0.872061,1.15901,0.89266,0.429354,-0.559848,0.743839,0.121232,-0.470671,-1.81086,0.141698,-0.375503,0.21675,0.310597,-0.465533,0.274967,-0.335487,-0.551808,0.975436,-0.0306276,-0.487689,0.363209,-0.715339,0.30579,0.00898818,0.353317,0.144012,0.152761,0.207988,0.762489,-0.0676129,-0.608875,-0.269966,-0.711597,0.0212758,0.738725,0.328603,0.986065,-0.269058,57.9492,21.8752,2.31264,2.7731,0.213141,0.302801,0.103132,-0.0719801,0.785482,0.559173,-0.042384,-0.720212
3.6,1e+06,4.26491,14.1421,106.54,93.4597,100,44.1942,3.24249,0.302894,0.607353,0.302894,0.607353,-0.465119,0.0598762,21.7596,51.5503,0.576674,-0.212273,-0.726477,0.140902,0.0426474,-0.307361,0.558032,0.408885,-0.0540496,0.748498,0.297823,-0.267222,11.327,7.42398,10.0163,25.0798,-0.714154,0.101451,1.17113,-1.22475,0.331067,0.0330979,12.5847,-0.866108,-0.0389143,-0.0458805,0.692151,0.256672,-0.230115,0.12421,0.803827,0.0358427,-0.261438,0.201742,-0.446787,-0.55325,0.16445,0.0648123,-0.640673,0.636698,0.308115,0.448476,-0.0321728,0.164567,0.480357,-0.0785955,0.2585,-0.0807927,0.716308,0.0424916,-0.791358,0.175875,0.466908,0.107636,0.193388,0.867669,0.833637,0.781251,16.1879,18.9721,0.687057,-0.0491649,-0.254553,0.502094,-0.0112656,-0.48404,0.661299,0.699914,0.563222,-0.949462,0.651519,0.180932,1.6294,3.403,0.84048,-0.0391279,0.545255,0.233067,0.34278,82.6891,2.62636,1.73541,0.875146,0.117563,0.319209,0.3093,4.17196,1.04783,0.539629,-0.216424,-0.706716,0.659569,0.630066,0.227262,0.186206,-0.153191,0.484841,0.0638416,0.330723,0.101692,0.352928,-0.19041,0.26314,-0.0377429,0.776679,0.899,-0.76208,-0.0271257,0.7781,0.176552,-0.931877,0.446322,0.513581,0.792757,0.666771,-0.263479,6.96156,-0.0672988,-1.16533,0.359703,0.240517,0.623689,25.302,21.0229,0.392673,0.53652,0.536552,-0.18258,0.0250507,0.334293,38.7942,35.6024,-0.188519,0.448691,0.644569,-0.334097,0.191589,0.321317,0.0441405,-0.781419,0.175001,-0.143684,3.53424,2.24942,1.08817,-0.377321,0.821417,1.41633,-0.978906,0.054348,0.832608,-0.393309,-0.84064,0.236873,7.97006,4.25187,0.707963,-0.318143,0.0791572,0.0182681,-0.782617,-0.0976912,-0.00671598,0.66375,-0.212379,0.688531,0.449533,0.0972638,-0.39877,0.237641,0.441754,0.70358,0.513826,-0.32822,1.09808,0.606727,-0.491999,0.205868,1.04834,-0.16908,0.561497,-0.576085,0.176711,0.656329,0.783987,0.256549,-0.711964,0.793287,-0.373927,-0.0611253,0.780459,0.182756,-0.681332,0.329245
3.7,1e+06,4.23203,14.1421,107.61,92.3904,100,44.1942,2.83133,0.287304,-0.0528927,0.287304,-0.0528927,0.397906,0.516264,2.01723,3.861,0.283212,-0.934202,0.0562869,0.283771,0.0696208,0.0492835,-0.372716,0.0565769,0.0706894,-0.0633954,0.180577,0.469192,1.07145,0.0461906,0.254868,0.916928,-0.861803,0.497214,-0.326947,-1.305,0.121376,-0.258589,6.81445,14.1524,0.727756,-0.637393,0.518847,-0.431166,0.235944,-0.323272,3.71064,5.59875,1.50139,34.8318,-0.621166,-0.494635,-1.34595,0.364782,-0.636565,0.429815,0.209319,0.41274,-0.404093,-0.226031,0.488389,-0.726449,0.22106,-0.0408675,-0.229779,0.0830317,-0.455342,0.236279,0.287345,-0.88327,0.349821,0.430466,-1.71778,18.6291,8.22035,15.9596,0.921033,0.800102,-0.709176,0.751504,-0.380206,0.000728386,0.481678,0.661071,69.4058,17.8047,0.146108,0.884213,-0.977501,0.32116,0.111635,-0.872798,0.424434,0.153425,3.02836,77.3185,85.3835,8.39108,0.379346,-0.225243,1.07702,-0.355969,6.25998,-3.60155,0.0229164,-0.196325,-0.134547,0.536562,0.60283,0.120958,0.251761,0.431181,0.0741458,-0.127324,0.371727,-0.281281,0.690825,-0.221611,0.391561,-0.194123,0.501706,0.631183,-0.480953,0.801813,0.349046,-0.820241,-0.265271,0.653342,0.633491,-0.0179379,0.0264406,-0.380916,53.9791,14.7239,-0.57717,1.19641,0.920547,-0.361162,3.25745,1.68039,0.230663,-0.162118,0.0778519,-0.948622,-0.191619,-1.17551,7.09994,0.995896,-0.478216,0.126352,0.217838,0.51015,0.525094,1.02272,0.492092,-0.173099,0.103337,0.190806,45.0363,16.1764,0.091842,0.0153939,0.629035,0.598591,-0.511145,0.255994,-0.277231,0.822904,-0.0121372,-0.210308,1.09637,-0.510639,-0.0150223,0.464675,0.236834,-0.409097,-0.503137,0.827306,0.0507784,0.182887,-0.6539,0.204077,-0.260403,-0.356163,-0.302331,-0.450018,-0.402002,0.953288,0.291553,-0.0788297,10.8014,3.0148,0.478407,-0.0361622,0.585007,0.296527,27.0879,-1.36533,0.266893,0.494493,0.611604,0.331248,-0.458073,0.121326,0.19166,-0.236262,-0.114146,0.315795,-0.197547,0.134587
3.8,1e+06,4.29604,14.1421,105.819,94.1805,100,44.1942,2.76442,0.282243,0.0237259,0.282243,0.0237259,0.548898,0.121031,33.5247,32.8549,0.447832,-0.379753,0.0566503,-0.154346,1.31301,-0.0778059,0.472183,0.479811,-19.409,31.495,-0.0639471,0.0651199,37.5618,29.8534,-2.42363,5.07812,-1.1868,0.627352,0.251146,-0.0417736,-0.0588982,0.656959,25.2315,17.0137,0.702547,0.373334,0.0455849,0.897343,1.05276,0.581788,50.798,22.6014,0.289936,9.06306,-0.131144,0.57519,-0.524965,0.0533838,-1.07173,0.334305,0.73979,-0.613075,-0.326103,-0.819609,0.386037,0.0239161,-0.606858,-0.0858285,0.358053,0.36173,-0.0325593,-0.25089,0.0401549,-0.575581,0.795215,0.407105,2.65915,2.23078,34.964,53.1709,0.609425,-0.263082,-0.91639,0.577107,-0.667785,1.12579,0.14133,0.345063,0.128228,1.48367,0.112505,0.160015,1.38433,-0.403322,0.079822,-0.35816,0.542823,0.213761,-0.125437,12.4371,76.0586,42.1954,-0.067868,-0.164556,0.961772,0.0369728,1.56717,1.10651,0.904561,-0.699754,-0.930784,0.332116,-0.336406,0.0299327,0.410351,1.23577,-0.211082,0.690241,0.499375,-0.552618,0.670093,0.235415,0.547093,-0.624931,0.541362,0.410855,-0.622632,0.93867,9.27365,1.57252,-1.08422,0.329279,0.764896,0.00522365,0.463525,0.244591,8.85336,-0.0932322,-0.0247935,-0.656188,1.03138,-0.497389,3.03347,0.965969,0.0283071,0.649429,0.0727994,0.199042,-0.626455,-0.12094,3.39234,4.35906,-0.243765,0.89672,0.524862,0.2353,0.851696,-0.128993,1.05686,0.541595,0.0565419,-0.801037,28.7521,7.01958,1.08407,-0.317873,1.24538,-0.159552,-0.642761,0.069298,-0.367035,-0.704067,0.379645,-0.142679,1.54945,5.71343,0.239178,-0.265944,0.0554765,0.617486,-1.29818,-0.736064,-0.883061,0.780309,0.479779,0.405161,-0.549792,0.332208,12.7948,-3.31604,0.0811556,-0.547311,0.330213,-0.116608,0.916662,0.872071,0.82437,0.0260551,0.620619,0.415032,3.74669,0.186643,1.00132,0.609428,1.90942,-0.505209,-0.104653,-0.225774,0.880898,0.624301,-0.00991733,-0.166566,-0.640318,0.765935
3.9,1e+06,4.23276,14.1421,106.282,93.718,100,44.1942,3.28709,0.369008,-0.148555,0.369008,-0.148555,0.00853577,0.350516,10.9533,11.2717,0.322632,-0.517474,-0.454354,0.526164,0.535801,0.20318,-0.11015,-0.0272282,10.061,54.7656,-0.624156,-0.234506,5.98306,7.59523,1.52548,-0.595738,-0.614265,0.332999,0.168328,0.248294,-0.0525103,0.530629,0.193518,0.86471,0.715838,-0.13577,1.40113,-1.67202,1.09763,0.226644,0.190391,0.128457,0.605243,-0.43949,-0.334251,0.815668,-0.360619,0.224696,-0.39568,0.806366,0.843671,-0.64287,-0.192866,-0.13644,-0.00268613,0.0414706,0.311265,-0.259752,0.250104,-0.137761,0.41631,-0.313153,0.401579,0.128694,0.274502,-0.0579419,12.6043,28.7144,0.712531,0.484184,0.106936,-0.0771205,-0.534616,0.152137,0.0077563,0.541211,0.406006,0.373378,36.7238,-7.90547,0.00886817,0.107361,6.78355,8.94872,0.186436,0.103857,0.204655,0.568979,0.741377,-0.517539,26.216,5.9941,1.20927,102.951,0.548161,0.647077,19.4276,4.37432,-0.0316441,-0.5475,-1.35201,0.554855,-0.54913,0.670167,7.50611,11.2749,-1.29207,0.590753,0.334194,-0.583283,0.245466,-0.217664,0.637263,-0.101542,0.425195,0.71663,-0.380236,1.06437,9.40415,5.01854,0.545891,0.263708,0.625663,0.175361,-0.377468,0.29519,3.30317,1.19683,-0.828531,0.736056,0.717919,-0.479002,44.6668,86.6964,-0.150712,-0.0149316,0.613855,-0.721733,-0.575724,-0.0611077,22.1807,11.8474,-0.566661,0.574966,-0.0106285,0.0688448,44.9163,13.9013,0.430793,0.0605517,0.288029,-0.797082,74.4649,3.35999,0.558429,-1.49989,0.378143,-0.020761,0.00941564,-0.731595,-0.274418,0.00215494,0.319078,0.779049,17.7353,12.8378,-0.0413902,0.854205,0.211866,0.0714035,-0.107738,0.141415,-0.485465,-0.368649,0.135873,-0.491986,-0.147308,0.483528,78.1924,-7.967,0.432884,0.185135,0.764215,0.0279572,0.084177,1.68407,1.04002,-0.262281,0.0577812,0.250482,2.36524,0.0931887,0.272618,0.39233,1.40155,-0.896043,0.20095,0.64737,7.73172,10.1036,0.209324,-0.255799,-0.474985,0.0235304
4,1e+06,4.23797,14.1421,105.476,94.5242,100,44.1942,2.86038,0.19681,0.277523,0.19681,0.277523,1.26397,0.0999245,3.55118,-0.599124,0.91261,-0.392784,0.0407024,0.297186,3.76109,9.54903,0.0590639,0.789488,-0.00473468,0.381248,0.310885,-0.285592,9.26264,5.29252,0.306566,0.0318467,-0.276751,-0.757284,0.582777,-0.472618,-0.201472,-0.744474,14.4616,31.7239,0.836433,0.150385,0.333366,-0.22747,0.303313,-0.235874,11.1123,-1.63988,3.99064,-0.369464,-0.527415,1.11858,-0.00250914,0.611494,-1.19379,1.00109,0.710317,-0.912802,0.762404,0.631018,0.135936,0.338644,0.508493,0.387157,0.870666,0.485002,0.350689,-0.0365703,0.426326,-0.602779,0.399426,0.295652,0.0467026,12.6093,1.0995,0.204559,-0.463006,-0.215074,-0.643162,-0.278222,0.463667,-0.485783,0.129414,0.49978,-0.0875913,0.661092,0.371839,-0.240505,0.738044,-0.657172,0.357184,-0.173683,-0.0316524,0.307489,18.5214,28.0072,66.1064,31.0884,18.6747,44.8072,8.59399,-0.963149,2.32378,-0.0278296,0.344199,0.841236,-1.50061,0.805177,-0.503693,0.21062,0.889539,-0.396746,-0.295645,-0.0765187,0.335471,-0.307056,0.264862,-0.0749436,0.106265,0.230414,0.424983,0.956044,-0.878456,0.540972,71.3844,9.34518,0.450376,-0.13934,0.48816,0.510178,3.75689,2.8732,4.89671,5.24736,-0.599077,-0.0508806,-0.325044,-0.143408,12.4601,7.36403,0.761635,-0.0772054,0.0566354,0.425315,-0.724795,0.184695,4.18235,-0.0726032,-0.1194,0.0946428,0.0393059,-0.314567,0.748372,0.564198,0.636953,0.245461,-0.0176019,0.240773,1.11529,0.372211,-0.619046,0.0949342,0.199253,-0.769365,-0.484181,-0.550618,0.056324,-0.13509,0.105114,0.472673,0.599377,0.476066,-0.0281187,0.00821845,0.337307,0.32385,-0.679831,-0.211404,-0.0159854,0.082668,0.218287,0.432692,0.425896,0.0281623,13.4598,0.468619,0.245488,0.407975,-0.181417,0.00365957,3.79784,0.569733,17.5081,3.82838,0.453106,0.459704,0.00885569,0.0947742,0.0911664,-0.0527303,14.6013,7.27677,0.0135448,0.37511,3.03437,11.0469,-0.119227,0.457722,-1.49135,0.140335
4.1,1e+06,4.22248,14.1421,106.525,93.4751,100,44.1942,2.98844,-0.0128977,0.0944484,-0.0128977,0.0944484,0.369424,-0.383684,4.86522,8.5977,0.476908,-0.257491,-0.730547,-0.509744,11.1117,60.5661,0.122889,0.274959,0.48116,-0.573779,-0.00490679,-0.424278,0.806608,1.34263,0.622329,0.207453,-1.08639,0.487704,0.255034,-0.232285,0.0838449,0.398175,1.28981,0.145528,0.6743,0.111389,-0.522006,-0.0834615,-0.0538175,-0.396029,28.7437,18.2737,2.64883,-0.0236779,-0.460541,-0.372997,-0.470708,0.03458,-0.887486,0.946451,0.00811749,0.414954,1.02012,-0.926417,0.757984,-0.560643,1.9726,4.24867,0.551697,-0.284957,-0.590454,0.201962,0.686271,0.202676,-0.20088,0.22686,6.03533,19.3397,0.334586,0.385913,0.114051,0.189733,-1.20549,0.912999,-0.7471,0.564387,-0.214644,-0.373189,0.663771,0.162799,0.278494,0.0963586,12.448,68.6242,0.200882,0.0331721,0.263982,0.202847,-0.036527,0.95455,0.343828,-0.160652,21.3217,79.4712,112.75,9.24664,90.1382,0.412589,0.214702,0.477624,-0.943205,0.631066,-1.24511,1.7864,4.82365,-0.967717,-0.394103,-0.193245,0.396047,0.209046,0.529856,-0.0447541,0.524608,-0.231197,0.105863,0.0161257,-0.512466,0.923886,0.187278,-0.0351338,0.11141,-0.159419,0.835626,0.652642,21.5223,0.770007,0.658075,-1.10374,-0.636762,0.401676,1.04001,0.00483732,1.59604,0.43468,0.119391,-0.195098,1.54661,-0.175456,0.792469,-0.247225,6.53047,-2.04405,-0.311082,0.0990008,0.732805,-0.325135,19.9657,16.985,3.12813,0.460734,0.093468,0.338966,35.1453,11.4844,0.398295,0.57536,0.586707,-0.422903,-1.39124,0.649075,-0.175052,-0.276633,-0.626528,0.190474,29.9631,45.2976,-0.549078,0.299354,0.603526,-0.0744651,0.453411,0.594622,-0.281939,0.247929,0.459147,-0.454127,-0.272406,0.113554,15.0011,0.508759,0.070074,0.117507,0.950329,-0.0403977,27.5071,6.27608,-0.0500733,0.00331332,0.0572107,0.478198,50.7858,6.95091,6.48728,1.6086,0.212179,0.674944,0.273728,0.0992379,1.19594,0.196264,0.10491,0.361583,0.0252319,0.436125
4.2,1e+06,4.24923,14.1421,105.523,94.4767,100,44.1942,3.21613,0.28096,-0.055892,0.28096,-0.055892,0.814203,0.92202,2.90933,2.66778,0.190271,0.34858,-0.220907,0.191376,12.961,3.36874,0.0474662,1.08932,-0.059724,0.0907834,0.379399,0.161199,2.61754,0.390536,2.16641,-0.324486,-0.548485,0.692266,0.527886,-0.917506,0.595365,-0.151003,2.78514,4.201,0.150673,0.0860363,4.7417,-0.868968,0.745453,-0.133837,-0.593796,-0.677663,0.0634089,5.11927,-0.210321,0.969936,-0.0619661,0.180453,-0.408133,0.27243,-0.0220053,0.0269816,-0.127775,0.596999,0.858704,-1.17938,41.6736,53.4129,-0.373115,0.241428,0.66539,0.0206723,0.183864,0.203561,0.0874667,0.28851,-0.179997,-0.420839,-2.53018,2.96855,0.273665,0.0564957,-0.0138363,-0.14207,0.444421,-0.620562,0.191917,0.0778797,0.124167,0.259333,0.572845,-0.067478,2.9133,2.40228,1.3798,0.397191,0.137836,0.332422,0.536362,0.912956,-0.22842,-0.317546,0.16462,0.26162,0.400009,0.0926351,0.530525,0.333823,0.670453,0.631517,-0.324518,0.375999,-0.876395,0.370612,1.11779,4.9465,-0.12197,-0.917647,0.294919,-0.102239,0.183758,0.392238,-0.8882,0.118961,0.928494,0.69002,-0.987276,0.987679,0.834396,0.290859,-0.0947788,-0.023224,32.8492,19.7918,45.6122,14.1144,-0.071709,0.237254,-0.535036,0.0362257,0.464918,0.0351992,1.64157,1.03711,0.446507,0.733982,7.68275,14.7755,-0.325896,0.160523,1.40735,0.774373,-0.434677,1.07653,0.548857,-0.536552,83.5116,34.6781,0.769097,0.556927,-0.484771,-0.445694,87.7883,22.0666,0.393704,-0.162443,3.68683,2.94646,-0.0615029,-0.0533314,-1.08238,-0.221159,0.0913897,0.355469,-0.172287,0.0937296,-0.607733,0.221087,0.192903,0.273415,0.1541,-0.00109095,-0.534183,0.378966,0.780847,0.287843,0.910408,0.402447,47.3098,3.35524,0.588387,-0.0775679,0.115876,-0.0917916,10.8174,12.1753,-0.199774,0.399857,0.00667425,0.459046,-1.39671,0.204497,44.3681,41.2018,29.5384,20.4925,-0.309992,-0.0188794,61.1728,68.4027,0.106557,0.182684,-0.416292,0.552691
4.3,1e+06,4.23692,14.1421,105.548,94.4521,100,44.1942,2.84018,0.371292,-0.0300179,0.371292,-0.0300179,1.07067,0.417373,23.6965,16.8708,0.398607,0.0464728,0.0406535,-0.0380833,5.40602,5.41398,0.510033,-0.0390064,0.273757,-0.130369,-0.444814,-0.316396,12.1256,4.16148,35.4734,47.5251,-0.125016,0.510114,0.29276,-0.0106015,0.375905,-0.635106,0.239689,2.59452,0.1904,0.0891258,0.608052,-0.118582,0.637876,-0.536764,31.2064,38.9502,-0.466149,0.516582,-0.609081,0.491976,0.687082,0.373538,0.285592,0.77857,-0.223882,-0.352729,0.594284,0.407956,-0.230915,-0.601453,20.82,24.8986,-0.0705224,-0.155651,0.180871,0.154619,-0.476999,-0.330745,1.21034,-0.056235,1.13742,-0.533585,2.12477,20.805,0.349673,-0.447314,0.306989,-0.28062,-0.889491,0.514861,0.421652,0.522442,0.812992,-0.204376,12.8182,4.71282,3.36322,-0.771255,1.09539,0.361603,0.93365,0.280163,1.05688,-0.847331,0.227946,-0.154948,-0.35838,0.285194,-0.153874,-0.20214,4.38405,3.81031,0.0755207,-0.069519,-0.515243,1.06168,-0.398947,0.117158,0.617101,-0.36388,-0.56074,-0.315868,0.470083,0.109446,-0.0672573,-0.0587534,0.332791,-0.103974,-0.162473,0.378399,-0.826966,0.389254,-0.0730044,0.757283,-0.404372,-0.208047,0.409216,0.425138,0.172094,0.340598,0.247873,0.464169,-0.772363,0.360874,0.053655,0.176401,16.7678,14.3587,-0.445609,-0.954241,-15.2019,61.5626,-0.0167478,-0.20026,0.767749,0.321461,-0.148398,-0.810236,0.00874974,0.300207,1.31787,-0.598416,-1.51239,-0.900682,0.278621,-0.317494,28.2492,4.31401,17.5593,9.60659,0.327388,0.00208864,-0.112445,-0.552587,-0.332764,0.19449,-0.521997,-0.504023,0.458547,-0.547683,0.513355,0.475505,0.18583,-0.146351,-0.91108,-1.14403,-0.0921334,0.62933,0.729651,0.249726,-0.336105,0.899457,-0.321142,1.53687,0.721563,0.216059,0.516629,0.045678,3.01416,2.24834,0.00964745,0.328758,0.640435,0.300595,0.70465,0.498283,0.391856,-0.665042,26.8166,16.5947,-0.00953137,-0.113627,2.15839,17.2903,1.08524,-0.118594,0.229974,0.127823
4.4,1e+06,4.27408,14.1421,105.917,94.0833,100,44.1942,2.98278,0.354676,-0.431157,0.354676,-0.431157,0.404519,0.235914,0.063795,0.345306,0.64679,0.0720387,0.166683,1.21809,0.471253,0.823931,0.0331129,0.664623,0.407625,0.0878961,0.533388,-0.0607316,0.166085,0.125654,3.21802,2.27364,-0.808025,0.423239,0.579108,-0.141274,-0.233534,-0.442008,2.10001,4.95266,0.0490968,-0.295295,29.0754,10.0159,0.390779,-0.0130531,39.0385,33.6317,5.86417,31.3651,0.136983,0.207149,0.604756,0.589081,-0.112151,-0.350607,0.191463,0.532688,-0.133023,-0.258026,0.538505,-0.143105,1.06773,0.613045,0.581035,0.129002,-0.661753,1.67818,0.211193,0.1274,0.310503,0.726699,0.370178,2.52771,-5.02466,99.8546,0.318009,-0.335226,0.0740996,0.0660108,-0.134369,0.846939,-0.276763,0.45276,-0.365208,0.18014,1.83004,-0.710574,13.8254,63.3355,7.54544,-1.91528,0.868793,-0.119281,0.487208,0.691855,0.200061,2.35239,-0.743657,-0.632287,0.24529,-0.426774,0.0925033,0.30303,-0.150931,0.0070447,-0.266673,0.386907,-0.566201,0.520898,0.279947,-0.246864,-0.155099,0.0421183,0.836,0.546036,0.546757,-0.0172402,0.0497404,-0.349349,1.06258,-0.461533,-0.911562,0.53123,0.810108,-0.0225634,0.106749,0.0361282,8.52617,14.1885,4.36047,2.10571,-0.0445472,-0.367165,-0.141746,-0.294349,0.49154,-0.651075,4.89353,15.1831,0.38708,-0.100679,0.222372,62.2667,0.223619,-0.666997,8.82718,1.78387,-0.512959,0.333787,-0.222464,0.624193,1.34205,0.840809,2.22682,3.38323,-0.0914279,-0.488227,0.424915,0.134447,1.10684,-0.664736,0.204564,0.916705,-0.941032,0.250052,-1.10213,0.387834,0.273529,0.0580762,0.391654,0.0491809,0.0414637,0.945521,0.435396,0.133482,-0.185993,-0.456755,-0.48496,0.539075,0.386998,0.376756,0.0796427,0.701506,0.744844,0.40274,0.471914,0.118932,0.29748,-0.668354,70.7062,26.7486,0.6052,-0.108291,0.105156,0.148897,0.107508,0.154719,0.365177,-0.602723,-0.216555,0.474241,-0.692271,1.94334,24.1862,38.7407,0.184417,0.0391048,-0.566487,0.600982
4.5,1e+06,4.28171,14.1421,105.901,94.0992,100,44.1942,2.82846,0.502727,-0.645376,0.502727,-0.645376,0.76679,0.489932,0.534581,0.24406,0.0644098,0.271434,-0.0828722,-0.0814942,0.33985,0.530987,0.330048,0.432298,0.439803,-0.0260845,0.219827,-0.229363,0.487659,-0.203492,0.535629,0.0638803,-0.824112,0.218136,0.216106,-0.117612,0.0579256,-0.224002,1.74729,9.15054,0.265885,-0.142716,1.64824,-0.729384,0.636395,0.177588,0.408158,0.440079,11.517,30.7997,-0.518382,0.307079,-0.532862,0.371085,-0.510309,0.610905,0.226566,0.0546372,-0.100833,-0.679241,0.165952,0.608677,0.25354,-0.112558,0.422653,0.149275,0.293957,-0.17786,0.294089,-0.448487,0.90066,0.527205,0.0243408,-0.148495,4.50272,3.4863,0.147812,0.65736,-0.0784721,-0.0923406,-0.667359,0.30731,-0.278128,0.0236947,2.46918,1.75427,2.52127,0.97505,16.3481,45.3532,9.47679,2.61287,0.196651,-0.199918,0.251785,0.235708,4.05341,2.18633,0.410572,-0.157779,-0.208667,0.41637,0.193827,0.0918122,0.497632,0.341022,-0.909636,0.53302,-1.04486,-0.0275282,0.741831,0.336165,0.393457,-0.0716568,-0.894028,0.385959,-0.174164,0.294507,0.185899,0.736703,0.690741,-0.276425,-0.320222,0.129745,0.854937,-0.0319384,-0.84707,0.403491,4.95754,2.07685,-0.514318,0.402727,-0.0210135,-0.0632215,-0.0183978,0.248883,0.566538,-0.0421849,50.4608,65.0377,0.165699,-0.282078,6.05437,64.553,0.731082,-0.2903,10.2927,5.55145,-0.235289,0.928956,0.60262,0.363165,21.2109,15.4496,33.4262,4.53722,-0.0469171,0.229636,2.22386,1.64674,-0.0156974,0.415055,0.684222,0.26442,-0.514528,0.0942047,0.0824368,0.137987,-0.299784,0.0248542,0.0893839,0.149312,-0.0449945,0.659147,0.118367,-0.294016,-0.811324,-0.0691966,-0.174792,0.554815,0.159076,0.218143,0.463919,0.564118,0.651588,0.518688,0.442556,0.155496,-0.197225,-0.0404458,69.0686,35.4311,0.209635,0.0749869,-0.154004,0.240302,0.45044,-0.102865,0.0584275,0.26262,0.643789,0.133257,0.0889328,0.399825,0.0800494,0.0943436,0.55203,0.035398,0.0247216,0.387761
4.6,1e+06,4.20553,14.1421,106.265,93.7347,100,44.1942,3.05224,0.337711,-0.0400536,0.337711,-0.0400536,0.218869,-0.0238414,0.245949,0.340599,0.193665,-0.0554238,-0.150325,-0.265199,0.644749,2.75152,-0.0656248,-0.108183,-0.54236,0.317397,0.466033,0.394737,0.0263612,0.557732,5.9881,3.34173,-1.13953,0.471649,-0.0484803,-0.287029,-0.254555,-0.399017,5.32118,9.49444,0.33965,0.104657,17.7938,16.3324,0.53339,-0.129711,0.430541,0.0313271,0.973518,3.06991,-0.216039,0.331289,0.391532,-0.0905526,-0.406392,0.198815,0.492545,-0.000812187,0.167217,0.303655,0.656035,-0.0627046,1.66939,4.36811,0.015989,0.426098,0.59685,0.170338,-0.230568,0.527435,0.370172,0.515769,0.884147,0.0729197,25.6783,68.5131,0.532462,0.465093,-0.590718,0.976829,-0.386977,0.470878,-0.0776174,0.57595,1.01944,0.84268,2.04242,0.120744,28.2243,87.3628,0.672127,0.397158,0.28525,0.369378,1.37089,1.22405,7.48442,0.858195,1.61437,1.25011,-0.0665409,-0.28707,34.3106,22.2719,0.0762772,0.291398,-0.20974,0.103488,-0.0770737,0.630091,33.3703,27.302,-0.059868,0.276728,-0.0899712,0.212591,0.177169,0.0423295,0.284762,0.0230959,-0.189639,0.611482,-0.672579,0.805544,2.59223,-0.0724596,-0.939202,0.285186,6.32017,7.43509,2.80581,0.241566,0.149925,-0.055291,-0.49808,0.0358904,0.462019,0.0324736,0.141842,2.17111,0.630803,0.586254,4.69117,10.585,24.2237,69.8777,0.124427,0.0490489,-0.10368,-0.0168,1.35136,0.328355,1.32338,0.398869,20.0832,11.6965,-0.526516,0.624547,0.678719,-0.257837,86.3192,46.8108,0.774288,0.417468,-0.549061,0.245946,-0.156439,-0.209623,-0.223093,-0.0797404,0.0591379,-0.682891,0.661043,0.304351,0.340952,0.867145,-0.52006,-0.243038,-0.871156,0.613554,0.314498,0.555216,0.294593,-0.366328,0.672677,-0.213823,0.669766,0.00734523,0.4317,0.0452139,0.329116,-0.197763,0.0110618,-0.210818,0.506242,0.128206,-0.0315248,0.63427,0.685135,-0.314165,0.256536,0.17705,-0.485231,0.57615,2.48384,1.15301,0.765179,-0.19268,-0.335551,-0.370715
4.7,1e+06,4.25425,14.1421,105.246,94.7539,100,44.1942,2.60223,1.11906,-0.0828383,1.11906,-0.0828383,0.557886,-0.152347,0.664902,0.0561127,0.224252,-0.0372012,-1.0673,0.390101,21.8375,41.1306,0.670323,-0.130676,-0.965965,0.143671,-0.149928,-0.866481,42.425,28.7002,0.389819,-0.827699,-0.535367,0.350075,0.107167,-0.0914598,0.0635138,-0.392511,1.99615,0.366483,0.386719,-0.457312,21.6794,0.529405,0.108371,-0.973264,40.3039,20.8162,-1.35867,31.6371,-0.616955,0.0479348,0.339693,0.0552473,-0.452547,0.273651,0.50371,-0.0840853,-0.305974,-0.555368,7.6195,-2.59624,0.112291,0.274583,0.467292,0.927433,0.0551281,1.6596,-0.115194,-0.679484,0.451178,-0.101435,-0.338909,3.31625,4.30861,5.67722,4.4224,-0.409727,-0.412762,0.222581,0.153569,0.13851,0.144749,0.488343,0.857214,-0.523617,0.7319,0.292752,0.322412,0.178838,58.0003,11.3534,-0.60995,0.422746,3.19725,8.121,0.393247,0.078153,27.1973,55.2651,-0.0751183,-0.0854195,21.5757,6.83687,0.374847,0.824726,-0.59738,1.01781,-0.321907,0.0485477,0.0878374,-0.754278,-0.318737,0.0880227,0.325328,-0.0874953,0.358876,0.0316445,-0.0845847,-0.474376,0.128431,0.415078,-0.823827,0.172469,1.39283,0.428367,-0.338019,0.252433,-0.0669908,4.73197,0.193881,0.136188,0.107405,-0.353327,-0.619325,0.486775,-0.133493,-0.424224,1.88954,4.20448,0.487118,0.426751,0.2089,0.363202,21.0276,40.4291,0.164111,0.535902,-0.250918,0.567931,17.8628,2.557,0.1665,0.683761,3.92939,1.09903,-0.783002,0.768125,0.859501,0.228843,0.830472,0.526604,1.28912,-0.316377,-0.392223,0.427285,-0.299478,0.884324,0.189758,-0.176921,-0.306154,0.467669,0.00123422,0.709332,0.378509,-0.0921251,-0.750119,0.0353435,-0.059068,0.299467,0.470379,-0.0244657,0.392539,1.02035,23.5945,6.39669,0.318493,-0.569331,0.171501,-0.0922103,0.261995,0.292778,0.427746,0.0660811,-0.308944,0.202515,0.463039,-0.0802012,0.387698,0.477365,-0.475626,0.123867,0.565294,-0.0428743,8.74792,2.58419,0.462158,-0.270462,-0.0581584,0.0981017
4.8,1e+06,4.24935,14.1421,105.237,94.7635,100,44.1942,2.7578,0.384509,-0.465917,0.384509,-0.465917,0.522897,0.411934,-0.897473,0.164443,-0.471009,0.171365,-0.853706,0.181649,2.32263,1.59306,0.762585,-0.625746,-1.69136,9.02193,35.4277,11.4809,2.41873,1.32201,2.66005,5.91482,-0.911494,0.349549,0.17945,-0.690827,-0.0289682,0.0598567,-0.182294,0.440583,0.353235,0.192314,0.524098,0.0966402,0.43795,-0.197,0.92759,0.927383,1.04289,2.05723,-0.13089,0.296109,0.165157,-0.408311,-0.0363115,0.46744,-0.340134,-0.204742,0.049053,-0.0115568,83.3113,35.8998,0.35927,0.412918,0.371414,-0.507088,-0.300172,0.84041,-0.251461,0.328506,0.672061,0.311164,37.0844,65.7696,1.0557,0.549065,0.173912,0.384554,-0.801168,0.339598,-0.00215504,0.0268636,0.650677,0.571247,3.54283,1.53153,0.825395,0.789764,0.120784,-0.351582,2.202,2.01244,0.00197822,0.448762,7.42844,10.8896,0.618246,-0.319065,2.1282,2.11061,-0.0141726,-0.517735,9.04945,5.51839,0.0676352,0.336808,-0.33886,0.70112,-0.141807,0.496124,0.711816,-0.426876,-0.421395,0.0111212,1.11022,-0.085777,0.176722,-0.28222,-0.0580229,-0.36479,-0.0382192,-0.187432,-0.572896,0.292888,14.0965,4.13059,-0.223735,0.224337,0.482616,-0.354978,0.271664,-0.0633547,0.653141,0.14702,0.146254,-0.224414,0.372602,0.223786,0.620337,0.319475,-0.257823,0.349434,5.76908,14.9686,0.890125,-0.508612,25.8395,20.0107,-0.551627,0.344101,0.523377,0.141896,-1.53574,0.253944,0.4687,0.109439,-0.541075,-0.566832,33.7025,1.68222,33.1098,10.7903,0.615215,0.0427343,-0.272915,0.0169786,0.132253,0.301248,-0.525465,0.0301321,-0.481352,0.393398,0.329917,-0.0561024,0.581391,0.343938,-0.462612,0.380929,0.017351,-0.510727,0.480969,-0.0405973,-0.578002,0.139992,2.54617,0.351285,0.464712,0.0421277,0.330767,0.02848,0.151842,-0.163181,0.319696,-0.138349,0.0438025,0.380537,-0.250512,0.455805,0.25813,0.0191739,-0.0556114,0.00941453,0.786909,0.447767,33.3304,44.6745,0.777216,-0.335581,-0.237249,-0.0918131
4.9,1e+06,4.25854,14.1421,106.253,93.7469,100,44.1942,3.27361,0.202839,-0.0991115,0.202839,-0.0991115,0.536094,0.311949,-0.873992,0.28378,0.707244,0.288084,-0.519834,0.333283,-0.716631,1.75472,0.249536,0.0360969,2.36206,105.609,3.05104,1.50128,1.93898,0.4253,0.670183,0.332993,-0.661023,0.361533,0.324953,-0.270064,-0.636288,0.127342,0.0304966,0.644782,0.315595,0.270839,0.660355,-0.586644,4.00516,1.03267,0.751444,-1.21487,-0.024603,-0.0728918,-0.218335,0.117705,0.142084,-0.267961,-0.514762,-0.050597,-0.0203144,0.131821,0.255509,0.544635,14.8736,4.69748,-0.877882,0.31714,-0.105393,0.334298,0.214991,-0.0389192,0.377991,-0.32553,0.338351,-0.0359047,0.808123,3.30313,-0.462786,1.79716,0.0398461,0.176499,-0.435242,0.277535,0.542441,-0.00311409,0.608853,0.658332,5.30624,1.2711,0.147874,0.15072,-0.410107,0.0670946,3.63147,1.45454,0.546984,0.0828016,1.66078,2.54465,7.28406,4.22471,5.8083,14.5985,-0.307392,-0.440541,12.0539,14.3906,0.907365,-0.331556,-0.530109,0.708847,-0.00700759,0.0481246,0.239235,-0.21382,-0.640741,0.588171,0.250434,0.0760399,0.380662,0.0670143,0.559934,0.19456,1.20256,-0.256703,-0.660957,0.571507,6.60167,1.45773,-0.493518,0.663678,-0.0634227,0.887199,0.415274,0.0204548,0.687516,0.810672,-0.248515,0.060014,0.531792,-0.0554788,20.6318,4.61404,-0.456713,-0.0791894,-8.34974,41.6812,1.5631,0.978343,3.92712,3.79021,-0.0208623,0.55897,-0.192403,0.206945,1.77425,-0.827467,29.3204,38.3727,-0.2821,0.309751,0.508489,0.0345368,1.69126,0.485936,0.140744,0.494514,-0.484381,0.045926,-0.116466,-0.388711,-0.973575,0.0918192,-0.224837,1.21492,0.417758,-0.202468,-0.500785,0.00830976,0.19664,-0.598316,0.195408,0.179698,-0.222023,0.463306,-0.22775,0.367969,0.916604,0.104765,0.413775,0.257944,38.008,11.9642,-0.164044,0.521216,74.3626,12.9174,0.226247,0.101962,0.517296,-0.216856,0.34055,0.590725,0.390116,0.375591,0.269537,0.16563,5.08164,0.139709,0.0437215,0.442593,-0.080412,-0.384019
